referencenumber,mainstreet,crossstreet1,requesttype,statusdescription,outcome,year,daterequested,statusdate,latitude,longitude,geocode_tier,main_norm,cross_norm
CQ25-3181,52 ROAD,67 STREET,All-Way Stop,Study Request Denial,denied,2025,2025-10-06,2025-10-30T00:00:00.000,40.732924,-73.897919,srts,52 ROAD,67 STREET
CQ25-3180,52 ROAD,66 STREET,All-Way Stop,Study Request Denial,denied,2025,2025-10-06,2025-11-12T00:00:00.000,40.73294,-73.89911,crash,52 ROAD,66 STREET
CQ25-3033B,CYPRESS AVENUE,VERMONT PLACE,Traffic Signal,Engineering Study Completed     (Signals Engineering),denied,2025,2025-09-04,2025-12-03T00:00:00.000,40.691433,-73.89063,crash,CYPRESS AVENUE,VERMONT PLACE
CQ25-2943B,FLUSHING AVENUE,53 STREET,Traffic Signal,Engineering Study Completed     (Signals Engineering),denied,2025,2025-08-29,2025-11-07T00:00:00.000,40.714424,-73.914246,crash,FLUSHING AVENUE,53 STREET
CQ25-2807B,DRY HARBOR ROAD,80 STREET,Traffic Signal,Engineering Study Completed     (Signals Engineering),denied,2025,2025-08-01,2025-11-07T00:00:00.000,40.717827,-73.8724,crash,DRY HARBOR ROAD,80 STREET
CQ25-2632,78 AVENUE,64 PLACE,All-Way Stop,Study Request Denial,denied,2025,2025-08-13,2025-08-22T00:00:00.000,40.697346,-73.89081,crash,78 AVENUE,64 PLACE
CQ25-2631,78 AVENUE,64 STREET,All-Way Stop,Study Request Denial,denied,2025,2025-08-13,2025-08-22T00:00:00.000,40.697144,-73.89169,crash,78 AVENUE,64 STREET
CQ25-2566B,FRESH POND ROAD,60 ROAD,Leading Pedestrian Interval,Engineering Study Completed     (Signals Engineering),denied,2025,2025-08-08,2025-09-10T00:00:00.000,40.716143,-73.901585,srts,FRESH POND ROAD,60 ROAD
CQ25-2472B,78 STREET,JUNIPER BOULEVARD SOUTH,Traffic Signal,Engineering Study Completed     (Signals Engineering),denied,2025,2025-07-14,2025-09-08T00:00:00.000,40.71979,-73.877266,crash,78 STREET,JUNIPER BOULEVARD SOUTH
CQ25-2441B,PUTNAM AVENUE,FOREST AVENUE,Traffic Signal,Engineering Study Completed     (Signals Engineering),denied,2025,2025-07-14,2025-10-08T00:00:00.000,40.705684,-73.902372,srts,PUTNAM AVENUE,FOREST AVENUE
CQ25-2410B,MYRTLE AVENUE,60 LANE,Traffic Signal,Engineering Study Completed     (Signals Engineering),denied,2025,2025-06-24,2025-09-04T00:00:00.000,40.700653,-73.89628,crash,MYRTLE AVENUE,60 LANE
CQ25-2359,78 AVENUE,60 STREET,All-Way Stop,Study Request Denial,denied,2025,2025-07-11,2025-12-04T00:00:00.000,40.69609,-73.89632,crash,78 AVENUE,60 STREET
CQ25-2292,STARR STREET,ONDERDONK AVENUE,Traffic Signal,Study Request Denial,denied,2025,2025-07-02,2025-08-11T00:00:00.000,40.71029,-73.91789,crash,STARR STREET,ONDERDONK AVENUE
CQ25-2240,DEKALB AVENUE,ONDERDONK AVENUE,Traffic Signal,Study Request Denial,denied,2025,2025-06-30,2025-11-07T00:00:00.000,40.707632,-73.915841,srts,DEKALB AVENUE,ONDERDONK AVENUE
CQ25-2094B,BORDEN AVENUE,MAURICE AVENUE,Traffic Signal,Engineering Study Completed     (Signals Engineering),denied,2025,2025-05-30,2025-09-22T00:00:00.000,40.727733,-73.906731,srts,BORDEN AVENUE,MAURICE AVENUE
CQ25-2062,COOPER AVENUE,60 LANE,Traffic Signal,Study Request Denial,denied,2025,2025-06-09,2025-09-15T00:00:00.000,40.6965692144966,-73.8945563503407,srts,COOPER AVENUE,60 LANE
CQ25-2040,76 STREET,78 AVENUE,All-Way Stop,Study Request Denial,denied,2025,2025-06-04,2025-11-24T00:00:00.000,40.70455,-73.873355,crash,76 STREET,78 AVENUE
CQ25-2000,72 PLACE,COOPER AVENUE,All-Way Stop,Study Request Denial,denied,2025,2025-05-30,2025-12-12T00:00:00.000,40.70352,-73.877875,crash,72 PLACE,COOPER AVENUE
CQ25-1999,MENAHAN STREET,60 PLACE,All-Way Stop,Study Request Denial,denied,2025,2025-05-30,2025-12-15T00:00:00.000,40.710445,-73.902655,crash,MENAHAN STREET,60 PLACE
CQ25-1904B,FOREST AVENUE,CATALPA AVENUE,Left Turn Arrow/Signal,Engineering Study Completed     (Signals Engineering),denied,2025,2025-05-27,2025-12-12T00:00:00.000,40.702446,-73.90099,crash,FOREST AVENUE,CATALPA AVENUE
CQ25-1762B,WOODHAVEN BOULEVARD,UNION TURNPIKE,Traffic Signal,Engineering Study Completed     (Signals Engineering),denied,2025,2025-05-09,2025-08-18T00:00:00.000,40.70559,-73.85823,crash,WOODHAVEN BOULEVARD,UNION TURNPIKE
CQ25-1652B,WYCKOFF AVENUE,COOPER AVENUE,Leading Pedestrian Interval,Engineering Study Completed     (Signals Engineering),denied,2025,2025-04-28,2025-12-05T00:00:00.000,40.69335,-73.90041,crash,WYCKOFF AVENUE,COOPER AVENUE
CQ25-1622B,CENTRAL AVENUE,CYPRESS HILLS STREET,Left Turn Arrow/Signal,Engineering Study Completed     (Signals Engineering),denied,2025,2025-04-25,2025-12-12T00:00:00.000,40.701862,-73.89272,crash,CENTRAL AVENUE,CYPRESS HILLS STREET
CQ25-1511,FLUSHING AVENUE,56 STREET,Traffic Signal,Study Request Denial,denied,2025,2025-05-01,2025-10-21T00:00:00.000,40.716404,-73.911959,srts,FLUSHING AVENUE,56 STREET
CQ25-1510,61 STREET,57 ROAD,Traffic Signal,Study Request Denial,denied,2025,2025-05-01,2025-07-14T00:00:00.000,40.722599,-73.90456299999998,srts,61 STREET,57 ROAD
CQ25-1507,69 PLACE,65 DRIVE,Traffic Signal,Study Request Denial,denied,2025,2025-05-01,2025-07-22T00:00:00.000,40.715369,-73.88653999999998,srts,69 PLACE,65 DRIVE
CQ25-1492,EDSALL AVENUE,75 STREET,Traffic Signal,Study Request Denial,denied,2025,2025-04-30,2025-10-10T00:00:00.000,40.706541,-73.87515,srts,EDSALL AVENUE,75 STREET
CQ25-1333,69 STREET,62 AVENUE,Traffic Signal,Study Request Denial,denied,2025,2025-04-18,2025-05-15T00:00:00.000,40.717617,-73.88954,crash,69 STREET,62 AVENUE
CQ25-1196,GATES AVENUE,GRANDVIEW AVENUE,Traffic Signal,Study Request Denial,denied,2025,2025-03-14,2025-11-03T00:00:00.000,40.70755,-73.90404,crash,GATES AVENUE,GRANDVIEW AVENUE
CQ25-1194,78 AVENUE,84 STREET,Traffic Signal,Study Request Denial,denied,2025,2025-03-12,2025-07-08T00:00:00.000,40.70667,-73.865206,srts,78 AVENUE,84 STREET
CQ25-0725B,JUNIPER VALLEY ROAD,80 STREET,Left Turn Arrow/Signal,Engineering Study Completed     (Signals Engineering),denied,2025,2025-03-11,2025-06-18T00:00:00.000,40.71599,-73.87209,crash,JUNIPER VALLEY ROAD,80 STREET
CQ25-0556,60 STREET,56 DRIVE,All-Way Stop,Study Request Denial,denied,2025,2025-03-10,2025-07-08T00:00:00.000,40.7238375,-73.90633700000001,crash,60 STREET,56 DRIVE
CQ25-0497B,69 STREET,JUNIPER VALLEY ROAD,Left Turn Arrow/Signal,Engineering Study Completed     (Signals Engineering),denied,2025,2025-02-26,2025-08-11T00:00:00.000,40.72184062371875,-73.89068898306941,street_line,69 STREET,JUNIPER VALLEY ROAD
CQ25-0457B,ELIOT AVENUE,LUTHERAN AVENUE,Left Turn Arrow/Signal,Engineering Study Completed     (Signals Engineering),denied,2025,2025-02-18,2025-08-21T00:00:00.000,40.722525000000005,-73.884555,crash,ELIOT AVENUE,LUTHERAN AVENUE
CQ25-0412,FAIRVIEW AVENUE,GREENE AVENUE,All-Way Stop,Study Request Denial,denied,2025,2025-02-19,2025-07-08T00:00:00.000,40.708553,-73.908966,crash,FAIRVIEW AVENUE,GREENE AVENUE
CQ25-0361B,WOODHAVEN BOULEVARD,ELIOT AVENUE,Traffic Signal,Engineering Study Completed     (Signals Engineering),denied,2025,2025-02-10,2025-07-29T00:00:00.000,,,,WOODHAVEN BOULEVARD,ELIOT AVENUE
CQ25-0296B,86 STREET,ELIOT AVENUE,Leading Pedestrian Interval,Engineering Study Completed     (Signals Engineering),denied,2025,2025-02-03,2025-07-29T00:00:00.000,40.72911,-73.87161,crash,86 STREET,ELIOT AVENUE
CQ25-0286B,ELIOT AVENUE,84 STREET,Leading Pedestrian Interval,Engineering Study Completed     (Signals Engineering),denied,2025,2025-01-28,2025-04-25T00:00:00.000,40.72709,-73.87472,crash,ELIOT AVENUE,84 STREET
CQ25-0285B,ELIOT AVENUE,84 STREET,Traffic Signal,Engineering Study Completed     (Signals Engineering),denied,2025,2025-01-28,2025-04-24T00:00:00.000,40.72709,-73.87472,crash,ELIOT AVENUE,84 STREET
CQ25-0271,MYRTLE AVENUE,72 STREET,All-Way Stop,Study Request Denial,denied,2025,2025-01-30,2025-03-24T00:00:00.000,40.702145,-73.87826,crash,MYRTLE AVENUE,72 STREET
CQ25-0179B,MYRTLE AVENUE,CYPRESS HILLS STREET,Leading Pedestrian Interval,Engineering Study Completed     (Signals Engineering),denied,2025,2025-01-03,2025-07-29T00:00:00.000,40.701103,-73.89088,crash,MYRTLE AVENUE,CYPRESS HILLS STREET
CQ25-0172,CYPRESS AVENUE,PUTNAM AVENUE,All-Way Stop,Study Request Denial,denied,2025,2025-01-19,2025-02-24T00:00:00.000,40.700367,-73.906624,crash,CYPRESS AVENUE,PUTNAM AVENUE
CQ25-0094B,METROPOLITAN AVENUE,FOREST AVENUE,Leading Pedestrian Interval,Engineering Study Completed     (Signals Engineering),denied,2025,2025-01-15,2025-07-23T00:00:00.000,40.712902,-73.90608,crash,METROPOLITAN AVENUE,FOREST AVENUE
CQ24-3719,72 PLACE,53 ROAD,All-Way Stop,Study Request Denial,denied,2024,2024-11-22,2025-03-25T00:00:00.000,40.7308484188404,-73.8914460268618,srts,72 PLACE,53 ROAD
CQ24-3675,67 AVENUE,60 STREET,All-Way Stop,Study Request Denial,denied,2024,2024-11-15,2024-12-16T00:00:00.000,40.7046605130931,-73.9004080569593,srts,67 AVENUE,60 STREET
CQ24-3662,60 ROAD,60 STREET,All-Way Stop,A/W Approval,approved,2024,2024-11-14,2025-04-21T00:00:00.000,40.71574,-73.90603,crash,60 ROAD,60 STREET
CQ24-3522,63 AVENUE,83 PLACE,All-Way Stop,Study Request Denial,denied,2024,2024-10-25,2025-03-17T00:00:00.000,40.72312,-73.87216,crash,63 AVENUE,83 PLACE
CQ24-3516B,SENECA AVENUE,CATALPA AVENUE,Traffic Signal,Engineering Study Completed     (Signals Engineering),denied,2024,2024-10-30,2025-02-03T00:00:00.000,40.700737,-73.9042,crash,SENECA AVENUE,CATALPA AVENUE
CQ24-3431,PUTNAM AVENUE,WOODWARD AVENUE,Traffic Signal,Study Request Denial,denied,2024,2024-08-09,2025-03-13T00:00:00.000,40.703537,-73.90339,crash,PUTNAM AVENUE,WOODWARD AVENUE
CQ24-3155,STEPHEN STREET,WYCKOFF AVENUE,All-Way Stop,Study Request Denial,denied,2024,2024-09-23,2025-03-13T00:00:00.000,40.695526,-73.903946,crash,STEPHEN STREET,WYCKOFF AVENUE
CQ24-3033,PENELOPE AVENUE,79 STREET,Traffic Signal,Signal Approval,approved,2024,2024-09-24,2024-10-21T00:00:00.000,40.716185,-73.88164,srts,PENELOPE AVENUE,79 STREET
CQ24-2945,65 STREET,CATALPA AVENUE,All-Way Stop,Study Request Denial,denied,2024,2024-09-10,2024-10-02T00:00:00.000,40.704845,-73.892136,crash,65 STREET,CATALPA AVENUE
CQ24-2882,DRY HARBOR ROAD,85 STREET,All-Way Stop,Study Request Denial,denied,2024,2024-09-06,2025-03-17T00:00:00.000,40.723061763633645,-73.87145518130095,street_line,DRY HARBOR ROAD,85 STREET
CQ24-2843,66 ROAD,71 STREET,All-Way Stop,Study Request Denial,denied,2024,2024-09-04,2025-03-12T00:00:00.000,40.71395,-73.884209,srts,66 ROAD,71 STREET
CQ24-2742B,METROPOLITAN AVENUE,GRANDVIEW AVENUE,Leading Pedestrian Interval,Engineering Study Completed     (Signals Engineering),denied,2024,2024-08-06,2025-03-21T00:00:00.000,40.713333,-73.91305,crash,METROPOLITAN AVENUE,GRANDVIEW AVENUE
CQ24-2734B,64 PLACE,CENTRAL AVENUE,Traffic Signal,Engineering Study Completed     (Signals Engineering),denied,2024,2024-08-06,2024-09-10T00:00:00.000,40.702126,-73.89164,crash,64 PLACE,CENTRAL AVENUE
CQ24-2733B,ELIOT AVENUE,74 STREET,Leading Pedestrian Interval,Engineering Study Completed     (Signals Engineering),denied,2024,2024-07-31,2025-02-28T00:00:00.000,40.72202,-73.88565,crash,ELIOT AVENUE,74 STREET
CQ24-2699,ANDREWS AVENUE,55 STREET,Traffic Signal,Study Request Denial,denied,2024,2024-08-23,2025-02-10T00:00:00.000,40.714363,-73.909614,srts,ANDREWS AVENUE,55 STREET
CQ24-2689,76 STREET,58 AVENUE,All-Way Stop,Study Request Denial,denied,2024,2024-08-22,2024-11-12T00:00:00.000,40.726478,-73.884475,srts,76 STREET,58 AVENUE
CQ24-2581,60 AVENUE,71 STREET,All-Way Stop,Study Request Denial,denied,2024,2024-08-13,2025-07-03T00:00:00.000,40.72325,-73.888824,crash,60 AVENUE,71 STREET
CQ24-2502B,METROPOLITAN AVENUE,FOREST AVENUE,Traffic Signal,Engineering Study Completed     (Signals Engineering),denied,2024,2024-07-09,2024-10-17T00:00:00.000,40.712902,-73.90608,crash,METROPOLITAN AVENUE,FOREST AVENUE
CQ24-2501B,MYRTLE AVENUE,ST NICHOLAS AVENUE,Traffic Signal,Engineering Study Completed     (Signals Engineering),denied,2024,2024-07-09,2024-08-22T00:00:00.000,40.69984,-73.90868,crash,MYRTLE AVENUE,ST NICHOLAS AVENUE
CQ24-2498B,FRESH POND ROAD,METROPOLITAN AVENUE,Left Turn Arrow/Signal,Engineering Study Completed     (Signals Engineering),denied,2024,2024-07-09,2025-02-14T00:00:00.000,40.712696,-73.900604,crash,FRESH POND ROAD,METROPOLITAN AVENUE
CQ24-2408,ST FELIX AVENUE,60 STREET,Traffic Signal,Study Request Denial,denied,2024,2024-07-30,2025-01-14T00:00:00.000,40.696482,-73.897564,srts,ST FELIX AVENUE,60 STREET
CQ24-2230B,JUNIPER BOULEVARD SOUTH,69 PLACE,Traffic Signal,Engineering Study Completed     (Signals Engineering),denied,2024,2024-06-14,2024-09-23T00:00:00.000,40.716393,-73.886665,crash,JUNIPER BOULEVARD SOUTH,69 PLACE
CQ24-2214B,FRESH POND ROAD,67 AVENUE,Traffic Signal,Engineering Study Completed     (Signals Engineering),denied,2024,2024-06-14,2024-10-01T00:00:00.000,40.705765,-73.896576,crash,FRESH POND ROAD,67 AVENUE
CQ24-2174B,MAURICE AVENUE,BORDEN AVENUE,Traffic Signal,Engineering Study Completed     (Signals Engineering),denied,2024,2024-05-20,2024-09-04T00:00:00.000,40.727733,-73.906731,srts,MAURICE AVENUE,BORDEN AVENUE
CQ24-2152B,67 ROAD,73 PLACE,Traffic Signal,Engineering Study Completed     (Signals Engineering),denied,2024,2024-05-20,2024-09-14T00:00:00.000,40.712025,-73.87923,crash,67 ROAD,73 PLACE
CQ24-2150B,GRAND AVENUE,72 STREET,Leading Pedestrian Interval,Engineering Study Completed     (Signals Engineering),denied,2024,2024-05-20,2024-10-17T00:00:00.000,40.72816,-73.891525,crash,GRAND AVENUE,72 STREET
CQ24-2132B,GRAND AVENUE,HAMILTON PLACE,Leading Pedestrian Interval,Engineering Study Completed     (Signals Engineering),denied,2024,2024-05-14,2024-10-05T00:00:00.000,40.72428,-73.898445,crash,GRAND AVENUE,HAMILTON PLACE
CQ24-2118,METROPOLITAN AVENUE,65 LANE,Traffic Signal,Signal Approval,approved,2024,2024-07-02,2024-07-24T00:00:00.000,40.71244,-73.894025,crash,METROPOLITAN AVENUE,65 LANE
CQ24-2090,FAIRVIEW AVENUE,LINDEN STREET,All-Way Stop,Study Request Denial,denied,2024,2024-06-27,2024-08-27T00:00:00.000,40.7068,-73.906006,crash,FAIRVIEW AVENUE,LINDEN STREET
CQ24-2089,WOODWARD AVENUE,STOCKHOLM STREET,All-Way Stop,Study Request Denial,denied,2024,2024-06-27,2024-09-04T00:00:00.000,40.709219,-73.913033,srts,WOODWARD AVENUE,STOCKHOLM STREET
CQ24-2064,FRESH POND ROAD,59 AVENUE,All-Way Stop,Study Request Denial,denied,2024,2024-06-21,2024-08-27T00:00:00.000,40.719406,-73.902504,crash,FRESH POND ROAD,59 AVENUE
CQ24-2047,69 AVENUE,ONDERDONK AVENUE,All-Way Stop,Study Request Denial,denied,2024,2024-06-17,2024-11-18T00:00:00.000,40.70123,-73.902565,crash,69 AVENUE,ONDERDONK AVENUE
CQ24-2026,CORNELIA STREET,WOODWARD AVENUE,Traffic Signal,Study Request Denial,denied,2024,2024-06-14,2025-02-10T00:00:00.000,40.7031,-73.90264,crash,CORNELIA STREET,WOODWARD AVENUE
CQ24-1960,81 STREET,58 AVENUE,All-Way Stop,Study Request Denial,denied,2024,2024-06-10,2024-09-24T00:00:00.000,40.727367,-73.87995,crash,81 STREET,58 AVENUE
CQ24-1951B,FRESH POND ROAD,METROPOLITAN AVENUE,Traffic Signal,Engineering Study Completed     (Signals Engineering),denied,2024,2024-06-10,2024-09-12T00:00:00.000,40.712696,-73.900604,crash,FRESH POND ROAD,METROPOLITAN AVENUE
CQ24-1792,52 COURT,74 STREET,All-Way Stop,Study Request Denial,denied,2024,2024-05-28,2024-10-16T00:00:00.000,40.731895,-73.88826,crash,52 COURT,74 STREET
CQ24-1707B,67 AVENUE,FOREST AVENUE,Leading Pedestrian Interval,Engineering Study Completed     (Signals Engineering),denied,2024,2024-05-07,2024-11-07T00:00:00.000,40.704384,-73.90182250000001,crash,67 AVENUE,FOREST AVENUE
CQ24-1569,COOPER AVENUE,65 STREET,All-Way Stop,Study Request Denial,denied,2024,2024-05-07,2024-12-16T00:00:00.000,40.69855,-73.8893,crash,COOPER AVENUE,65 STREET
CQ24-1539B,BLEECKER STREET,FRESH POND ROAD,Traffic Signal,Engineering Study Completed     (Signals Engineering),denied,2024,2024-04-09,2024-07-31T00:00:00.000,40.711903,-73.90019,crash,BLEECKER STREET,FRESH POND ROAD
CQ24-1501,60 PLACE,GROVE STREET,All-Way Stop,Study Request Denial,denied,2024,2024-04-29,2024-08-26T00:00:00.000,40.709633,-73.90223,crash,60 PLACE,GROVE STREET
CQ24-1479,62 STREET,68 AVENUE,All-Way Stop,A/W Approval,approved,2024,2024-04-24,2024-05-23T00:00:00.000,40.705513,-73.89538,crash,62 STREET,68 AVENUE
CQ24-1274B,METROPOLITAN AVENUE,FOREST AVENUE,Traffic Signal,Engineering Study Completed     (Signals Engineering),denied,2024,2024-04-09,2024-07-31T00:00:00.000,40.712902,-73.90608,crash,METROPOLITAN AVENUE,FOREST AVENUE
CQ24-1265B,MYRTLE AVENUE,79 LANE,Left Turn Arrow/Signal,Engineering Study Completed     (Signals Engineering),denied,2024,2024-03-13,2024-08-27T00:00:00.000,40.702892,-73.86916,crash,MYRTLE AVENUE,79 LANE
CQ24-1264B,METROPOLITAN AVENUE,75 STREET,Left Turn Arrow/Signal,Engineering Study Completed     (Signals Engineering),denied,2024,2024-03-13,2024-08-27T00:00:00.000,40.712887,-73.877716,crash,METROPOLITAN AVENUE,75 STREET
CQ24-1263B,METROPOLITAN AVENUE,69 STREET,Left Turn Arrow/Signal,Engineering Study Completed     (Signals Engineering),denied,2024,2024-03-13,2024-08-27T00:00:00.000,40.712204,-73.88638,crash,METROPOLITAN AVENUE,69 STREET
CQ24-1262B,METROPOLITAN AVENUE,HIMROD STREET,Left Turn Arrow/Signal,Engineering Study Completed     (Signals Engineering),denied,2024,2024-03-13,2024-07-27T00:00:00.000,40.712948,-73.90693,crash,METROPOLITAN AVENUE,HIMROD STREET
CQ24-1257,67 STREET,OTTO ROAD,All-Way Stop,Study Request Denial,denied,2024,2024-04-12,2024-05-06T00:00:00.000,40.7056,-73.889118,srts,67 STREET,OTTO ROAD
CQ24-1255B,80 STREET,COOPER AVENUE,Traffic Signal,Engineering Study Completed     (Signals Engineering),denied,2024,2024-03-12,2024-07-09T00:00:00.000,40.709415,-73.87022,crash,80 STREET,COOPER AVENUE
CQ24-1249B,WOODHAVEN BOULEVARD,DANA COURT,Traffic Signal,Engineering Study Completed     (Signals Engineering),denied,2024,2024-03-12,2024-03-19T00:00:00.000,40.722619,-73.869554,srts,WOODHAVEN BOULEVARD,DANA COURT
CQ24-1128,67 STREET,ELIOT AVENUE,Traffic Signal,Study Request Denial,denied,2024,2024-04-04,2024-04-30T00:00:00.000,40.718204,-73.89377,crash,67 STREET,ELIOT AVENUE
CQ24-1127,68 STREET,61 ROAD,All-Way Stop,Study Request Denial,denied,2024,2024-04-03,2024-05-06T00:00:00.000,40.718182,-73.891997,srts,68 STREET,61 ROAD
CQ24-1056,77 AVENUE,78 STREET,All-Way Stop,Study Request Denial,denied,2024,2024-03-22,2024-04-22T00:00:00.000,40.70652,-73.87322,crash,77 AVENUE,78 STREET
CQ24-1018,77 AVENUE,76 STREET,All-Way Stop,Study Request Denial,denied,2024,2024-03-22,2024-04-22T00:00:00.000,40.706315,-73.87408,srts,77 AVENUE,76 STREET
CQ24-1014,68 AVENUE,FOREST AVENUE,All-Way Stop,Study Request Denial,denied,2024,2024-03-22,2024-06-05T00:00:00.000,40.703663,-73.90152,crash,68 AVENUE,FOREST AVENUE
CQ24-0955,BLEECKER STREET,WOODWARD AVENUE,All-Way Stop,A/W Approval,approved,2024,2024-03-18,2024-04-08T00:00:00.000,40.70703,-73.909325,crash,BLEECKER STREET,WOODWARD AVENUE
CQ24-0933,58 STREET,57 DRIVE,All-Way Stop,Study Request Denial,denied,2024,2024-03-18,2024-05-06T00:00:00.000,40.721636,-73.91198799999998,srts,58 STREET,57 DRIVE
CQ24-0875B,METROPOLITAN AVENUE,74 STREET,Left Turn Arrow/Signal,Engineering Study Completed     (Signals Engineering),denied,2024,2024-03-13,2024-08-10T00:00:00.000,40.71283,-73.878296,crash,METROPOLITAN AVENUE,74 STREET
CQ24-0873B,MYRTLE AVENUE,FRESH POND ROAD,Left Turn Arrow/Signal,Engineering Study Completed     (Signals Engineering),denied,2024,2024-03-13,2024-08-21T00:00:00.000,40.700798,-73.894585,crash,MYRTLE AVENUE,FRESH POND ROAD
CQ24-0872B,MYRTLE AVENUE,73 PLACE,Left Turn Arrow/Signal,Engineering Study Completed     (Signals Engineering),denied,2024,2024-03-13,2024-08-12T00:00:00.000,40.702374,-73.87544,crash,MYRTLE AVENUE,73 PLACE
CQ24-0798,69 ROAD,74 STREET,All-Way Stop,Study Request Denial,denied,2024,2024-03-11,2024-04-16T00:00:00.000,40.70796,-73.877777,srts,69 ROAD,74 STREET
CQ24-0797,69 ROAD,79 STREET,All-Way Stop,Study Request Denial,denied,2024,2024-03-11,2024-08-27T00:00:00.000,40.709083,-73.873281,srts,69 ROAD,79 STREET
CQ24-0796,69 ROAD,73 PLACE,All-Way Stop,Study Request Denial,denied,2024,2024-03-11,2024-04-08T00:00:00.000,40.70796,-73.877785,crash,69 ROAD,73 PLACE
CQ24-0736B,BORDEN AVENUE,HAMILTON PLACE,Traffic Signal,Engineering Study Completed     (Signals Engineering),denied,2024,2024-02-15,2024-06-15T00:00:00.000,40.72616,-73.90012,crash,BORDEN AVENUE,HAMILTON PLACE
CQ24-0613,PLEASANT VIEW STREET,PENELOPE AVENUE,All-Way Stop,Study Request Denial,denied,2024,2024-02-25,2024-04-16T00:00:00.000,40.71637375498335,-73.8824929995786,street_line,PLEASANT VIEW STREET,PENELOPE AVENUE
CQ24-0509B,WOODHAVEN BOULEVARD,62 ROAD,Left Turn Arrow/Signal,Engineering Study Completed     (Signals Engineering),denied,2024,2024-01-24,2024-06-13T00:00:00.000,40.726185,-73.87022,crash,WOODHAVEN BOULEVARD,62 ROAD
CQ24-0508B,WOODHAVEN BOULEVARD,81 ROAD,Left Turn Arrow/Signal,Engineering Study Completed     (Signals Engineering),denied,2024,2024-01-24,2024-06-24T00:00:00.000,40.70456,-73.856735,crash,WOODHAVEN BOULEVARD,81 ROAD
CQ24-0499B,WOODHAVEN BOULEVARD,FURMANVILLE AVENUE,Traffic Signal,Engineering Study Completed     (Signals Engineering),denied,2024,2024-01-24,2024-06-12T00:00:00.000,40.719641,-73.867168,srts,WOODHAVEN BOULEVARD,FURMANVILLE AVENUE
CQ24-0468,CALDWELL AVENUE,69 LANE,Traffic Signal,Study Request Denial,denied,2024,2024-02-15,2024-08-21T00:00:00.000,40.724839,-73.892293,srts,CALDWELL AVENUE,69 LANE
CQ24-0418,78 AVENUE,87 STREET,All-Way Stop,A/W Approval,approved,2024,2024-02-07,2024-04-01T00:00:00.000,40.705832,-73.862265,srts,78 AVENUE,87 STREET
CQ24-0295B,FRESH POND ROAD,ELIOT AVENUE,Leading Pedestrian Interval,Engineering Study Completed     (Signals Engineering),denied,2024,2024-01-30,2024-04-19T00:00:00.000,40.714622,-73.90117,crash,FRESH POND ROAD,ELIOT AVENUE
CQ24-0220,LINDEN STREET,ONDERDONK AVENUE,All-Way Stop,A/W Approval,approved,2024,2024-01-23,2024-03-11T00:00:00.000,40.704594,-73.90826,crash,LINDEN STREET,ONDERDONK AVENUE
CQ24-0154B,GRAND AVENUE,BORDEN AVENUE,Left Turn Arrow/Signal,Engineering Study Completed     (Signals Engineering),denied,2024,2024-01-02,2024-02-27T00:00:00.000,40.725635,-73.895856,srts,GRAND AVENUE,BORDEN AVENUE
CQ24-0062B,WOODHAVEN BOULEVARD,ELIOT AVENUE,Traffic Signal,Engineering Study Completed     (Signals Engineering),denied,2023,2023-12-12,2024-01-12T00:00:00.000,,,,WOODHAVEN BOULEVARD,ELIOT AVENUE
CQ24-0024B,MYRTLE AVENUE,ST NICHOLAS AVENUE,Traffic Signal,Engineering Study Completed     (Signals Engineering),denied,2023,2023-12-27,2024-02-28T00:00:00.000,40.69984,-73.90868,crash,MYRTLE AVENUE,ST NICHOLAS AVENUE
CQ23-3634,RUST STREET,FLUSHING AVENUE,All-Way Stop,Study Request Denial,denied,2023,2023-12-28,2024-02-20T00:00:00.000,40.71677820600362,-73.9090663474871,street_line,RUST STREET,FLUSHING AVENUE
CQ23-3628,WOODBINE STREET,64 STREET,All-Way Stop,Study Request Denial,denied,2023,2023-12-27,2024-03-11T00:00:00.000,40.70776,-73.897565,srts,WOODBINE STREET,64 STREET
CQ23-3623,PALMETTO STREET,64 STREET,All-Way Stop,Study Request Denial,denied,2023,2023-12-27,2024-02-20T00:00:00.000,40.708942,-73.895872,crash,PALMETTO STREET,64 STREET
CQ23-3520B,METROPOLITAN AVENUE,AUBREY AVENUE,Traffic Signal,Engineering Study Completed     (Signals Engineering),denied,2024,2024-03-25,2024-03-13T00:00:00.000,40.711994,-73.86073,crash,METROPOLITAN AVENUE,AUBREY AVENUE
CQ23-3437B,FLUSHING AVENUE,54 STREET,Traffic Signal,Engineering Study Completed     (Signals Engineering),denied,2023,2023-11-27,2024-07-17T00:00:00.000,40.7148898460946,-73.91349073239209,srts,FLUSHING AVENUE,54 STREET
CQ23-3380,64 PLACE,74 AVENUE,All-Way Stop,Study Request Denial,denied,2023,2023-11-28,2024-03-11T00:00:00.000,40.700333,-73.89145,crash,64 PLACE,74 AVENUE
CQ23-3242,SENECA AVENUE,STOCKHOLM STREET,All-Way Stop,A/W Approval,approved,2023,2023-11-16,2023-12-11T00:00:00.000,40.70719,-73.91511,crash,SENECA AVENUE,STOCKHOLM STREET
CQ23-3228,72 STREET,CENTRAL AVENUE,Traffic Signal,Study Request Denial,denied,2023,2023-11-15,2024-01-17T00:00:00.000,40.705017,-73.87944,crash,72 STREET,CENTRAL AVENUE
CQ23-3227B,METROPOLITAN AVENUE,73 PLACE,Leading Pedestrian Interval,Engineering Study Completed     (Signals Engineering),denied,2023,2023-05-25,2024-01-23T00:00:00.000,40.712727,-73.87935,crash,METROPOLITAN AVENUE,73 PLACE
CQ23-3191,73 PLACE,66 ROAD,All-Way Stop,Study Request Denial,denied,2023,2023-11-13,2024-01-17T00:00:00.000,40.715053,-73.881151,srts,73 PLACE,66 ROAD
CQ23-3106B,63 DRIVE,WOODHAVEN BOULEVARD,Traffic Signal,Engineering Study Completed     (Signals Engineering),denied,2023,2023-10-27,2024-03-13T00:00:00.000,,,,63 DRIVE,WOODHAVEN BOULEVARD
CQ23-3093B,FRESH POND ROAD,60 ROAD,Leading Pedestrian Interval,Engineering Study Completed     (Signals Engineering),denied,2023,2023-10-26,2024-01-23T00:00:00.000,40.716143,-73.901585,srts,FRESH POND ROAD,60 ROAD
CQ23-3043,69 STREET,COOPER AVENUE,All-Way Stop,Study Request Denial,denied,2023,2023-10-24,2024-06-24T00:00:00.000,40.70086,-73.882454,crash,69 STREET,COOPER AVENUE
CQ23-3012,69 ROAD,75 STREET,All-Way Stop,Study Request Denial,denied,2023,2023-10-20,2023-11-20T00:00:00.000,40.70844,-73.87621,crash,69 ROAD,75 STREET
CQ23-2785B,METROPOLITAN AVENUE,TONSOR STREET,Leading Pedestrian Interval,Engineering Study Completed     (Signals Engineering),denied,2023,2023-09-26,2023-12-05T00:00:00.000,40.71306,-73.90879,crash,METROPOLITAN AVENUE,TONSOR STREET
CQ23-2703,SENECA AVENUE,GREENE AVENUE,All-Way Stop,Study Request Denial,denied,2023,2023-09-25,2023-11-20T00:00:00.000,40.705437,-73.91214,crash,SENECA AVENUE,GREENE AVENUE
CQ23-2677B,FOREST AVENUE,METROPOLITAN AVENUE,Traffic Signal,Engineering Study Completed     (Signals Engineering),denied,2023,2023-09-22,2024-06-21T00:00:00.000,40.712902,-73.90608,crash,FOREST AVENUE,METROPOLITAN AVENUE
CQ23-2646,PUTNAM AVENUE,60 PLACE,All-Way Stop,Study Request Denial,denied,2023,2023-09-19,2023-12-04T00:00:00.000,40.705772,-73.89997,crash,PUTNAM AVENUE,60 PLACE
CQ23-2644,WOODHAVEN BOULEVARD,ELIOT AVENUE,Traffic Signal,Study Request Denial,denied,2023,2023-09-18,2023-12-11T00:00:00.000,,,,WOODHAVEN BOULEVARD,ELIOT AVENUE
CQ23-2629,PUTNAM AVENUE,60 LANE,Traffic Signal,Study Request Denial,denied,2023,2023-09-19,2023-10-30T00:00:00.000,40.706017,-73.89896,crash,PUTNAM AVENUE,60 LANE
CQ23-2567,ONDERDONK AVENUE,HIMROD STREET,All-Way Stop,Study Request Denial,denied,2023,2023-09-14,2024-06-24T00:00:00.000,40.707222,-73.912695,crash,ONDERDONK AVENUE,HIMROD STREET
CQ23-2566,68 PLACE,70 AVENUE,All-Way Stop,Study Request Denial,denied,2023,2023-09-14,2023-11-08T00:00:00.000,40.705204,-73.885185,crash,68 PLACE,70 AVENUE
CQ23-2561B,58 AVENUE,69 LANE,Traffic Signal,Engineering Study Completed     (Signals Engineering),denied,2023,2023-09-12,2023-11-22T00:00:00.000,40.72603245689385,-73.89294966706467,street_line,58 AVENUE,69 LANE
CQ23-2319,66 DRIVE,PLEASANTVIEW STREET,All-Way Stop,Study Request Denial,denied,2023,2023-08-24,2023-10-24T00:00:00.000,40.71343,-73.882295,crash,66 DRIVE,PLEASANTVIEW STREET
CQ23-2270,70 AVENUE,60 LANE,Traffic Signal,Study Request Denial,denied,2023,2023-08-13,2023-10-30T00:00:00.000,40.702076,-73.89698,crash,70 AVENUE,60 LANE
CQ23-2252,59 DRIVE,MT OLIVET CRESCENT,Traffic Signal,Study Request Denial,denied,2023,2023-08-11,2023-10-11T00:00:00.000,40.7180192187358,-73.90033759153769,srts,59 DRIVE,MT OLIVET CRESCENT
CQ23-2241,JAY AVENUE,65 PLACE,Traffic Signal,Study Request Denial,denied,2023,2023-08-10,2024-06-24T00:00:00.000,40.7267,-73.90034,crash,JAY AVENUE,65 PLACE
CQ23-2082,59 STREET,56 DRIVE,All-Way Stop,Study Request Denial,denied,2023,2023-07-27,2023-10-02T00:00:00.000,40.723995,-73.90864,crash,59 STREET,56 DRIVE
CQ23-2077,52 AVENUE,74 STREET,All-Way Stop,Study Request Denial,denied,2023,2023-07-27,2023-10-16T00:00:00.000,40.733852,-73.88845,crash,52 AVENUE,74 STREET
CQ23-1985,FAIRVIEW AVENUE,MENAHAN STREET,All-Way Stop,A/W Approval,approved,2023,2023-07-20,2023-12-18T00:00:00.000,40.707676,-73.907486,crash,FAIRVIEW AVENUE,MENAHAN STREET
CQ23-1983,ONDERDONK AVENUE,MENAHAN STREET,All-Way Stop,Study Request Denial,denied,2023,2023-07-20,2024-06-24T00:00:00.000,40.705467,-73.90974,crash,ONDERDONK AVENUE,MENAHAN STREET
CQ23-1958B,GRAND AVENUE,74 STREET,Traffic Signal,Engineering Study Completed     (Signals Engineering),denied,2023,2023-07-03,2023-10-06T00:00:00.000,40.7301969282631,-73.8875611761351,srts,GRAND AVENUE,74 STREET
CQ23-1956B,69 LANE,LONG ISLAND EXPRESSWAY,Traffic Signal,Engineering Study Completed     (Signals Engineering),denied,2023,2023-07-03,2023-08-18T00:00:00.000,40.73248713329137,-73.89772588651475,street_line,69 LANE,LONG ISLAND EXPRESSWAY
CQ23-1913B,69 PLACE,QUEENS MIDTOWN EXPRESSWAY,Traffic Signal,Engineering Study Completed     (Signals Engineering),denied,2023,2023-06-21,2023-08-18T00:00:00.000,40.72618992958762,-73.89237629589852,street_line,69 PLACE,QUEENS MIDTOWN EXPRESSWAY
CQ23-1852B,METROPOLITAN AVENUE,FOREST AVENUE,Traffic Signal,Engineering Study Completed     (Signals Engineering),denied,2023,2023-06-14,2023-08-03T00:00:00.000,40.712902,-73.90608,crash,METROPOLITAN AVENUE,FOREST AVENUE
CQ23-1843,59 AVENUE,64 STREET,All-Way Stop,Study Request Denial,denied,2023,2023-07-10,2023-09-25T00:00:00.000,40.719765,-73.900635,crash,59 AVENUE,64 STREET
CQ23-1831,FURMANVILLE AVENUE,79 STREET,All-Way Stop,A/W Approval,approved,2023,2023-07-10,2023-12-04T00:00:00.000,40.7175725,-73.8744025,crash,FURMANVILLE AVENUE,79 STREET
CQ23-1727,69 STREET,53 ROAD,Traffic Signal,Study Request Denial,denied,2023,2023-06-27,2023-10-16T00:00:00.000,40.73037303589712,-73.89340819721393,street_line,69 STREET,53 ROAD
CQ23-1700B,DRY HARBOR ROAD,63 AVENUE,Traffic Signal,Engineering Study Completed     (Signals Engineering),denied,2023,2023-06-05,2023-07-26T00:00:00.000,40.72219,-73.87417,crash,DRY HARBOR ROAD,63 AVENUE
CQ23-1689,72 STREET,CALDWELL AVENUE,All-Way Stop,Study Request Denial,denied,2023,2023-06-21,2023-10-16T00:00:00.000,40.72482,-73.888985,crash,72 STREET,CALDWELL AVENUE
CQ23-1616,61 STREET,56 DRIVE,All-Way Stop,Study Request Denial,denied,2023,2023-06-13,2023-10-24T00:00:00.000,40.723705,-73.90446,crash,61 STREET,56 DRIVE
CQ23-1602,67 DRIVE,78 STREET,All-Way Stop,Study Request Denial,denied,2023,2023-06-10,2023-09-07T00:00:00.000,40.71171,-73.8754,crash,67 DRIVE,78 STREET
CQ23-1576B,COOPER AVENUE,CYPRESS AVENUE,Left Turn Arrow/Signal,Engineering Study Completed     (Signals Engineering),denied,2023,2023-05-24,2024-10-05T00:00:00.000,40.694107,-73.89737,crash,COOPER AVENUE,CYPRESS AVENUE
CQ23-1519B,DRY HARBOR ROAD,FURMANVILLE AVENUE,Traffic Signal,Engineering Study Completed     (Signals Engineering),denied,2023,2023-05-12,2023-07-26T00:00:00.000,40.716160233060826,-73.88138506979227,street_line,DRY HARBOR ROAD,FURMANVILLE AVENUE
CQ23-1390,CODY AVENUE,WYCKOFF AVENUE,All-Way Stop,Study Request Denial,denied,2023,2023-05-11,2023-08-28T00:00:00.000,40.68692617586851,-73.88898363304652,street_line,CODY AVENUE,WYCKOFF AVENUE
CQ23-1381B,DECATUR STREET,FOREST AVENUE,Leading Pedestrian Interval,Engineering Study Completed     (Signals Engineering),denied,2023,2023-05-08,2023-11-16T00:00:00.000,40.698753,-73.89726,crash,DECATUR STREET,FOREST AVENUE
CQ23-1380B,FOREST AVENUE,NORMAN STREET,Leading Pedestrian Interval,Engineering Study Completed     (Signals Engineering),denied,2023,2023-05-08,2023-08-22T00:00:00.000,40.69966,-73.8988,crash,FOREST AVENUE,NORMAN STREET
CQ23-1379B,FOREST AVENUE,GATES AVENUE,Leading Pedestrian Interval,Engineering Study Completed     (Signals Engineering),denied,2023,2023-05-08,2023-08-22T00:00:00.000,40.707804,-73.903624,srts,FOREST AVENUE,GATES AVENUE
CQ23-1375B,FOREST AVENUE,PUTNAM AVENUE,Leading Pedestrian Interval,Engineering Study Completed     (Signals Engineering),denied,2023,2023-05-08,2023-11-20T00:00:00.000,40.705684,-73.902372,srts,FOREST AVENUE,PUTNAM AVENUE
CQ23-1372B,FOREST AVENUE,MADISON STREET,Leading Pedestrian Interval,Engineering Study Completed     (Signals Engineering),denied,2023,2023-05-08,2023-11-20T00:00:00.000,40.705684,-73.902372,srts,FOREST AVENUE,MADISON STREET
CQ23-1367B,FOREST AVENUE,GROVE STREET,Leading Pedestrian Interval,Engineering Study Completed     (Signals Engineering),denied,2023,2023-05-08,2023-08-22T00:00:00.000,40.70913,-73.90436,crash,FOREST AVENUE,GROVE STREET
CQ23-1366B,FOREST AVENUE,GREENE AVENUE,Leading Pedestrian Interval,Engineering Study Completed     (Signals Engineering),denied,2023,2023-05-08,2023-08-15T00:00:00.000,40.71184,-73.905594,crash,FOREST AVENUE,GREENE AVENUE
CQ23-1349B,CYPRESS AVENUE,COOPER AVENUE,Traffic Signal,Engineering Study Completed     (Signals Engineering),denied,2023,2023-03-18,2023-05-26T00:00:00.000,40.694107,-73.89737,crash,CYPRESS AVENUE,COOPER AVENUE
CQ23-1269B,69 STREET,JUNIPER VALLEY ROAD,Traffic Signal,Engineering Study Completed     (Signals Engineering),denied,2023,2023-05-02,2023-05-22T00:00:00.000,40.72184062371875,-73.89068898306941,street_line,69 STREET,JUNIPER VALLEY ROAD
CQ23-1132,77 ROAD,80 STREET,All-Way Stop,Study Request Denial,denied,2023,2023-04-21,2023-09-07T00:00:00.000,40.70608,-73.86882,crash,77 ROAD,80 STREET
CQ23-1086,59 STREET,58 DRIVE,All-Way Stop,Study Request Denial,denied,2023,2023-04-20,2023-06-12T00:00:00.000,40.720461,-73.908303,srts,59 STREET,58 DRIVE
CQ23-1009,78 AVENUE,82 STREET,Traffic Signal,Study Request Denial,denied,2023,2023-04-12,2024-06-17T00:00:00.000,40.705519,-73.866878,srts,78 AVENUE,82 STREET
CQ23-0862,73 PLACE,67 DRIVE,All-Way Stop,Study Request Denial,denied,2023,2023-03-29,2023-05-15T00:00:00.000,40.711163,-73.87907,crash,73 PLACE,67 DRIVE
CQ23-0860B,FLUSHING AVENUE,54 STREET,Traffic Signal,Engineering Study Completed     (Signals Engineering),denied,2023,2023-03-30,2023-08-09T00:00:00.000,40.7148898460946,-73.91349073239209,srts,FLUSHING AVENUE,54 STREET
CQ23-0850,60 STREET,BLEECKER STREET,All-Way Stop,Study Request Denial,denied,2023,2023-03-30,2023-06-20T00:00:00.000,40.710755,-73.90509199999998,srts,60 STREET,BLEECKER STREET
CQ23-0751B,FRESH POND ROAD,BLEECKER STREET,Left Turn Arrow/Signal,Engineering Study Completed     (Signals Engineering),denied,2023,2023-03-16,2023-07-07T00:00:00.000,40.711903,-73.90019,crash,FRESH POND ROAD,BLEECKER STREET
CQ23-0750B,61 STREET,METROPOLITAN AVENUE,Left Turn Arrow/Signal,Engineering Study Completed     (Signals Engineering),denied,2023,2023-03-16,2023-07-05T00:00:00.000,40.712757,-73.90225,crash,61 STREET,METROPOLITAN AVENUE
CQ23-0611,MYRTLE AVENUE,72 PLACE,Traffic Signal,Study Request Denial,denied,2023,2023-03-08,2023-08-14T00:00:00.000,40.70222,-73.87734,crash,MYRTLE AVENUE,72 PLACE
CQ23-0570B,57 AVENUE,74 STREET,Leading Pedestrian Interval,Engineering Study Completed     (Signals Engineering),denied,2023,2023-02-16,2024-08-26T00:00:00.000,40.72861,-73.88721,crash,57 AVENUE,74 STREET
CQ23-0526,WOODWARD AVENUE,PALMETTO STREET,All-Way Stop,A/W Approval,approved,2023,2023-02-24,2023-05-30T00:00:00.000,40.70485,-73.90562,crash,WOODWARD AVENUE,PALMETTO STREET
CQ23-0517,68 AVENUE,64 PLACE,All-Way Stop,Study Request Denial,denied,2023,2023-02-21,2023-08-07T00:00:00.000,40.705956,-73.8936,crash,68 AVENUE,64 PLACE
CQ23-0515,71 PLACE,COOPER AVENUE,All-Way Stop,Study Request Denial,denied,2023,2023-02-22,2023-03-27T00:00:00.000,40.702625,-73.8794,crash,71 PLACE,COOPER AVENUE
CQ23-0477,68 ROAD,60 STREET,All-Way Stop,Study Request Denial,denied,2023,2023-02-16,2023-04-17T00:00:00.000,40.704068,-73.900113,srts,68 ROAD,60 STREET
CQ23-0471B,CALDWELL AVENUE,ELIOT AVENUE,Leading Pedestrian Interval,Engineering Study Completed     (Signals Engineering),denied,2023,2023-02-09,2024-08-07T00:00:00.000,40.7252623621263,-73.8797865999895,street_line,CALDWELL AVENUE,ELIOT AVENUE
CQ23-0442,OTTO ROAD,68 PLACE,All-Way Stop,Study Request Denial,denied,2023,2023-02-10,2023-05-15T00:00:00.000,40.706154,-73.88555,crash,OTTO ROAD,68 PLACE
CQ23-0441,75 STREET,78 AVENUE,All-Way Stop,A/W Approval,approved,2023,2023-02-10,2023-04-11T00:00:00.000,40.704473,-73.874307,srts,75 STREET,78 AVENUE
CQ23-0429B,BORDEN AVENUE,69 STREET,Traffic Signal,Engineering Study Completed     (Signals Engineering),denied,2023,2023-02-06,2023-05-18T00:00:00.000,40.72371262222595,-73.89128557459745,street_line,BORDEN AVENUE,69 STREET
CQ23-0416,COOPER AVENUE,68 STREET,All-Way Stop,Study Request Denial,denied,2023,2023-02-09,2023-05-08T00:00:00.000,40.700474,-73.88344,crash,COOPER AVENUE,68 STREET
CQ23-0412,54 STREET,GRAND AVENUE,Traffic Signal,Study Request Denial,denied,2023,2023-02-09,2023-08-28T00:00:00.000,40.718555,-73.91518,crash,54 STREET,GRAND AVENUE
CQ23-0399,77 STREET,62 AVENUE,Traffic Signal,Study Request Denial,denied,2023,2023-02-08,2023-09-25T00:00:00.000,40.72605634929975,-73.8744731422483,street_line,77 STREET,62 AVENUE
CQ23-0344,WOODWARD AVENUE,GATES AVENUE,Traffic Signal,Signal Approval,approved,2023,2023-01-31,2025-07-21T00:00:00.000,40.705284,-73.90636,crash,WOODWARD AVENUE,GATES AVENUE
CQ23-0147,75 AVENUE,60 PLACE,All-Way Stop,Study Request Denial,denied,2023,2023-01-18,2023-05-30T00:00:00.000,40.698405,-73.896663,srts,75 AVENUE,60 PLACE
CQ23-0131B,70 STREET,CENTRAL AVENUE,Leading Pedestrian Interval,Engineering Study Completed     (Signals Engineering),denied,2023,2023-01-06,2023-03-10T00:00:00.000,40.704403,-73.88202,crash,70 STREET,CENTRAL AVENUE
CQ23-0081,PENELOPE AVENUE,72 STREET,All-Way Stop,Study Request Denial,denied,2023,2023-01-11,2023-05-01T00:00:00.000,40.716187,-73.884111,srts,PENELOPE AVENUE,72 STREET
CQ23-0075,WOODWARD AVENUE,CATALPA AVENUE,All-Way Stop,Study Request Denial,denied,2023,2023-01-10,2023-05-08T00:00:00.000,40.702335,-73.901375,crash,WOODWARD AVENUE,CATALPA AVENUE
CQ23-0066B,GRAND AVENUE,BORDEN AVENUE,Traffic Signal,Engineering Study Completed     (Signals Engineering),denied,2023,2023-01-03,2023-02-06T00:00:00.000,40.725635,-73.895856,srts,GRAND AVENUE,BORDEN AVENUE
CQ23-0002,61 STREET,60 LANE,All-Way Stop,Study Request Denial,denied,2022,2022-12-29,2023-05-08T00:00:00.000,40.700826,-73.894236,srts,61 STREET,60 LANE
CQ22-3653,84 STREET,DRY HARBOR ROAD,Traffic Signal,A/W Approval,approved,2022,2022-12-21,2023-02-22T00:00:00.000,40.72191393073102,-73.87281837440547,street_line,84 STREET,DRY HARBOR ROAD
CQ22-3590,84 STREET,63 AVENUE,All-Way Stop,Study Request Denial,denied,2022,2022-12-13,2023-03-20T00:00:00.000,40.72349,-73.87136,crash,84 STREET,63 AVENUE
CQ22-3572,76 STREET,JUNIPER BOULEVARD NORTH,Traffic Signal,Study Request Denial,denied,2022,2022-12-08,2023-08-14T00:00:00.000,40.72138,-73.88185,crash,76 STREET,JUNIPER BOULEVARD NORTH
CQ22-3568,75 PLACE,JUNIPER BOULEVARD NORTH,Traffic Signal,Study Request Denial,denied,2022,2022-12-08,2023-06-20T00:00:00.000,40.72167925541021,-73.88396912157482,street_line,75 PLACE,JUNIPER BOULEVARD NORTH
CQ22-3561,69 STREET,60 ROAD,Traffic Signal,Study Request Denial,denied,2022,2022-12-09,2023-01-17T00:00:00.000,40.72082,-73.892265,crash,69 STREET,60 ROAD
CQ22-3501,69 STREET,60 AVENUE,Traffic Signal,Study Request Denial,denied,2022,2022-11-30,2023-01-17T00:00:00.000,40.72143,-73.892746,crash,69 STREET,60 AVENUE
CQ22-3497B,73 AVENUE,WOODHAVEN BOULEVARD,Left Turn Arrow/Signal,Engineering Study Completed     (Signals Engineering),denied,2022,2022-11-29,2023-01-13T00:00:00.000,40.71042,-73.85964,crash,73 AVENUE,WOODHAVEN BOULEVARD
CQ22-3484B,69 STREET,BORDEN AVENUE,Leading Pedestrian Interval,Engineering Study Completed     (Signals Engineering),denied,2022,2022-11-29,2023-02-08T00:00:00.000,40.723712622225975,-73.89128557459745,street_line,69 STREET,BORDEN AVENUE
CQ22-3427B,COOPER AVENUE,METROPOLITAN AVENUE,Left Turn Arrow/Signal,Engineering Study Completed     (Signals Engineering),denied,2022,2022-11-22,2023-02-16T00:00:00.000,40.7122,-73.86208,crash,COOPER AVENUE,METROPOLITAN AVENUE
CQ22-3384B,MYRTLE AVENUE,CYPRESS HILLS STREET,Traffic Signal,Engineering Study Completed     (Signals Engineering),denied,2022,2022-11-21,2022-12-23T00:00:00.000,40.701103,-73.89088,crash,MYRTLE AVENUE,CYPRESS HILLS STREET
CQ22-3370B,78 AVENUE,80 STREET,Leading Pedestrian Interval,Engineering Study Completed     (Signals Engineering),denied,2022,2022-11-21,2023-03-01T00:00:00.000,40.705376,-73.86861,crash,78 AVENUE,80 STREET
CQ22-3350,62 AVENUE,56 STREET,All-Way Stop,Study Request Denial,denied,2022,2022-11-01,2023-04-04T00:00:00.000,40.714455,-73.908275,srts,62 AVENUE,56 STREET
CQ22-3347,65 STREET,SHALER AVENUE,All-Way Stop,A/W Approval,approved,2022,2022-11-16,2023-03-06T00:00:00.000,40.704846,-73.89212999999998,srts,65 STREET,SHALER AVENUE
CQ22-3326,CYPRESS HILLS STREET,70 AVENUE,Traffic Signal,Study Request Denial,denied,2022,2022-11-15,2023-03-27T00:00:00.000,40.702778,-73.89457,crash,CYPRESS HILLS STREET,70 AVENUE
CQ22-3289,DANA COURT,84 PLACE,All-Way Stop,Study Request Denial,denied,2022,2022-11-10,2023-04-17T00:00:00.000,40.722619,-73.869554,srts,DANA COURT,84 PLACE
CQ22-3244,CALDWELL AVENUE,71 STREET,Traffic Signal,Study Request Denial,denied,2022,2022-11-03,2023-04-04T00:00:00.000,40.7249241488426,-73.89030478755059,srts,CALDWELL AVENUE,71 STREET
CQ22-3242,56 ROAD,60 STREET,Traffic Signal,A/W Approval,approved,2022,2022-11-03,2023-02-27T00:00:00.000,40.72452,-73.90626,crash,56 ROAD,60 STREET
CQ22-3237,GRANDVIEW AVENUE,RENE COURT,Traffic Signal,Study Request Denial,denied,2022,2022-11-02,2023-05-22T00:00:00.000,40.712215,-73.91116,srts,GRANDVIEW AVENUE,RENE COURT
CQ22-3213B,MYRTLE AVENUE,ST NICHOLAS AVENUE,Traffic Signal,Engineering Study Completed     (Signals Engineering),denied,2022,2022-10-24,2022-12-19T00:00:00.000,40.69984,-73.90868,crash,MYRTLE AVENUE,ST NICHOLAS AVENUE
CQ22-3042,74 STREET,CALAMUS AVENUE,Traffic Signal,Study Request Denial,denied,2022,2022-10-13,2023-03-14T00:00:00.000,40.73437626541044,-73.88953953143351,street_line,74 STREET,CALAMUS AVENUE
CQ22-2925,JUNIPER VALLEY ROAD,77 PLACE,All-Way Stop,Study Request Denial,denied,2022,2022-10-04,2023-04-24T00:00:00.000,40.71567,-73.87626,crash,JUNIPER VALLEY ROAD,77 PLACE
CQ22-2924,JUNIPER VALLEY ROAD,79 PLACE,All-Way Stop,Study Request Denial,denied,2022,2022-10-04,2023-05-01T00:00:00.000,40.71774,-73.87321,srts,JUNIPER VALLEY ROAD,79 PLACE
CQ22-2869,78 STREET,FURMANVILLE AVENUE,All-Way Stop,Study Request Denial,denied,2022,2022-09-29,2023-02-06T00:00:00.000,40.71745,-73.875374,crash,78 STREET,FURMANVILLE AVENUE
CQ22-2865B,ELIOT AVENUE,69 STREET,Traffic Signal,Engineering Study Completed     (Signals Engineering),denied,2022,2022-09-27,2023-02-06T00:00:00.000,40.71946,-73.89117,crash,ELIOT AVENUE,69 STREET
CQ22-2741,60 STREET,60 AVENUE,All-Way Stop,A/W Approval,approved,2022,2022-09-14,2023-01-17T00:00:00.000,40.71642,-73.90618,crash,60 STREET,60 AVENUE
CQ22-2724,60 STREET,60 DRIVE,All-Way Stop,Study Request Denial,denied,2022,2022-09-14,2022-12-05T00:00:00.000,40.715068,-73.905868,srts,60 STREET,60 DRIVE
CQ22-2698,JUNIPER VALLEY ROAD,75 STREET,All-Way Stop,Study Request Denial,denied,2022,2022-09-14,2023-01-17T00:00:00.000,40.715482,-73.8793,srts,JUNIPER VALLEY ROAD,75 STREET
CQ22-2604B,METROPOLITAN AVENUE,FLUSHING AVENUE,Traffic Signal,Engineering Study Completed     (Signals Engineering),denied,2022,2022-09-06,2025-02-28T00:00:00.000,40.713295,-73.916238,srts,METROPOLITAN AVENUE,FLUSHING AVENUE
CQ22-2603B,METROPOLITAN AVENUE,FLUSHING AVENUE,Traffic Signal,Engineering Study Completed     (Signals Engineering),denied,2022,2022-09-06,2023-09-15T00:00:00.000,40.713295,-73.916238,srts,METROPOLITAN AVENUE,FLUSHING AVENUE
CQ22-2602B,METROPOLITAN AVENUE,FLUSHING AVENUE,Traffic Signal,Engineering Study Completed     (Signals Engineering),denied,2022,2022-09-06,2023-09-15T00:00:00.000,40.713295,-73.916238,srts,METROPOLITAN AVENUE,FLUSHING AVENUE
CQ22-2601B,METROPOLITAN AVENUE,FLUSHING AVENUE,Traffic Signal,Engineering Study Completed     (Signals Engineering),denied,2022,2022-09-06,2022-09-16T00:00:00.000,40.713295,-73.916238,srts,METROPOLITAN AVENUE,FLUSHING AVENUE
CQ22-2600B,METROPOLITAN AVENUE,FLUSHING AVENUE,Traffic Signal,Engineering Study Completed     (Signals Engineering),denied,2022,2022-09-06,2023-09-15T00:00:00.000,40.713295,-73.916238,srts,METROPOLITAN AVENUE,FLUSHING AVENUE
CQ22-2569,MASPETH AVENUE,MAURICE AVENUE,Traffic Signal,Study Request Denial,denied,2022,2022-08-19,2023-08-21T00:00:00.000,40.723238,-73.91257250000001,crash,MASPETH AVENUE,MAURICE AVENUE
CQ22-2383B,MYRTLE AVENUE,SENECA AVENUE,Left Turn Arrow/Signal,Engineering Study Completed     (Signals Engineering),denied,2022,2022-08-22,2023-01-05T00:00:00.000,40.70041,-73.90368,crash,MYRTLE AVENUE,SENECA AVENUE
CQ22-2381B,MYRTLE AVENUE,HANCOCK STREET,Left Turn Arrow/Signal,Engineering Study Completed     (Signals Engineering),denied,2022,2022-08-22,2023-01-10T00:00:00.000,40.70041,-73.90368,crash,MYRTLE AVENUE,HANCOCK STREET
CQ22-2358,69 PLACE,CALDWELL AVENUE,Traffic Signal Removal,Study Request Denial,denied,2022,2022-08-17,2023-03-27T00:00:00.000,40.72389,-73.892654,crash,69 PLACE,CALDWELL AVENUE
CQ22-2347B,PALMETTO STREET,FRESH POND ROAD,Traffic Signal,Engineering Study Completed     (Signals Engineering),denied,2022,2022-08-15,2023-02-24T00:00:00.000,40.7084,-73.89801,crash,PALMETTO STREET,FRESH POND ROAD
CQ22-2129,66 ROAD,78 STREET,All-Way Stop,Study Request Denial,denied,2022,2022-07-19,2023-04-04T00:00:00.000,40.714589,-73.87529,srts,66 ROAD,78 STREET
CQ22-2096,60 ROAD,59 PLACE,All-Way Stop,Study Request Denial,denied,2022,2022-07-12,2022-10-31T00:00:00.000,40.715538,-73.90725,crash,60 ROAD,59 PLACE
CQ22-1950,HIMROD STREET,FAIRVIEW AVENUE,All-Way Stop,A/W Approval,approved,2022,2022-07-05,2022-10-31T00:00:00.000,40.708345,-73.91154799999998,srts,HIMROD STREET,FAIRVIEW AVENUE
CQ22-1923,70 STREET,52 AVENUE,All-Way Stop,A/W Approval,approved,2022,2022-06-30,2023-01-17T00:00:00.000,40.7335956143277,-73.8940647658594,srts,70 STREET,52 AVENUE
CQ22-1863B,MASPETH AVENUE,GRAND AVENUE,Traffic Signal,Engineering Study Completed     (Signals Engineering),denied,2022,2022-06-23,2022-09-21T00:00:00.000,40.7228,-73.90182,crash,MASPETH AVENUE,GRAND AVENUE
CQ22-1835,78 STREET,68 AVENUE,All-Way Stop,Study Request Denial,denied,2022,2022-06-21,2022-10-11T00:00:00.000,40.711015,-73.875355,srts,78 STREET,68 AVENUE
CQ22-1778,FRESH POND ROAD,67 AVENUE,Traffic Signal,Study Request Denial,denied,2022,2022-06-14,2023-09-11T00:00:00.000,40.705765,-73.896576,crash,FRESH POND ROAD,67 AVENUE
CQ22-1726,ELIOT AVENUE,76 STREET,Traffic Signal,Study Request Denial,denied,2022,2022-06-07,2023-01-23T00:00:00.000,40.723136,-73.883237,srts,ELIOT AVENUE,76 STREET
CQ22-1673B,ELIOT AVENUE,69 STREET,Left Turn Arrow/Signal,Engineering Study Completed     (Signals Engineering),denied,2022,2022-06-02,2022-09-15T00:00:00.000,40.71946,-73.89117,crash,ELIOT AVENUE,69 STREET
CQ22-1605B,CYPRESS HILLS STREET,FRESH POND ROAD,Traffic Signal,Engineering Study Completed     (Signals Engineering),denied,2022,2022-05-27,2022-07-20T00:00:00.000,40.70697661724096,-73.89780783898678,street_line,CYPRESS HILLS STREET,FRESH POND ROAD
CQ22-1598B,AUBREY AVENUE,METROPOLITAN AVENUE,Traffic Signal,Engineering Study Completed     (Signals Engineering),denied,2022,2022-05-26,2022-07-20T00:00:00.000,40.711994,-73.86073,crash,AUBREY AVENUE,METROPOLITAN AVENUE
CQ22-1551,59 ROAD,60 LANE,All-Way Stop,Study Request Denial,denied,2022,2022-05-20,2022-10-24T00:00:00.000,40.71839,-73.90417,crash,59 ROAD,60 LANE
CQ22-1495,PERRY AVENUE,HAMILTON PLACE,All-Way Stop,Study Request Denial,denied,2022,2022-05-17,2022-07-25T00:00:00.000,40.724888,-73.89899,crash,PERRY AVENUE,HAMILTON PLACE
CQ22-1455,STANHOPE STREET,FAIRVIEW AVENUE,Traffic Signal,A/W Approval,approved,2022,2022-05-16,2022-07-25T00:00:00.000,40.709868,-73.911185,crash,STANHOPE STREET,FAIRVIEW AVENUE
CQ22-1442,78 STREET,69 ROAD,All-Way Stop,Study Request Denial,denied,2022,2022-05-09,2023-02-27T00:00:00.000,40.708946,-73.87451,crash,78 STREET,69 ROAD
CQ22-1393B,FOREST AVENUE,SUMMERFIELD STREET,Right Turn Arrow/Signal,Engineering Study Completed     (Signals Engineering),denied,2022,2022-05-09,2022-09-01T00:00:00.000,40.69923,-73.89807,crash,FOREST AVENUE,SUMMERFIELD STREET
CQ22-1377,84 PLACE,PENELOPE AVENUE,All-Way Stop,Study Request Denial,denied,2022,2022-05-05,2022-09-26T00:00:00.000,40.72201,-73.86907,crash,84 PLACE,PENELOPE AVENUE
CQ22-1320,MAZEAU STREET,QUEENS MIDTOWN EXPRESSWAY,Traffic Signal,Study Request Denial,denied,2022,2022-04-27,2023-02-22T00:00:00.000,40.726981372775455,-73.88825085688839,street_line,MAZEAU STREET,QUEENS MIDTOWN EXPRESSWAY
CQ22-1319,58 ROAD,69 LANE,Traffic Signal,Study Request Denial,denied,2022,2022-04-27,2023-01-09T00:00:00.000,40.72583856349958,-73.89280619319487,street_line,58 ROAD,69 LANE
CQ22-1264B,MYRTLE AVENUE,62 STREET,Leading Pedestrian Interval,Engineering Study Completed     (Signals Engineering),denied,2022,2022-04-26,2022-08-18T00:00:00.000,40.70089,-73.89336,crash,MYRTLE AVENUE,62 STREET
CQ22-1261B,MYRTLE AVENUE,CENTRAL AVENUE,Leading Pedestrian Interval,Engineering Study Completed     (Signals Engineering),denied,2022,2022-04-26,2022-08-18T00:00:00.000,40.70086,-73.893845,crash,MYRTLE AVENUE,CENTRAL AVENUE
CQ22-1231,COOPER AVENUE,64 LANE,Traffic Signal,Study Request Denial,denied,2022,2022-04-15,2023-01-09T00:00:00.000,40.698345,-73.890205,crash,COOPER AVENUE,64 LANE
CQ22-1228,69 PLACE,QUEENS MIDTOWN EXPRESSWAY,Traffic Signal,Study Request Denial,denied,2022,2022-04-27,2023-02-06T00:00:00.000,40.72618992958762,-73.89237629589852,street_line,69 PLACE,QUEENS MIDTOWN EXPRESSWAY
CQ22-1173B,88 STREET,77 AVENUE,Traffic Signal,Engineering Study Completed     (Signals Engineering),denied,2022,2022-04-18,2023-08-18T00:00:00.000,40.7064593049998,-73.8615312271111,srts,88 STREET,77 AVENUE
CQ22-1154,77 AVENUE,83 STREET,All-Way Stop,Study Request Denial,denied,2022,2022-04-13,2023-01-23T00:00:00.000,40.706649167493296,-73.866580375248,srts,77 AVENUE,83 STREET
CQ22-1153,77 AVENUE,82 STREET,All-Way Stop,Study Request Denial,denied,2022,2022-04-13,2022-12-27T00:00:00.000,40.7066414632302,-73.86703845623569,srts,77 AVENUE,82 STREET
CQ22-1152,77 AVENUE,87 STREET,All-Way Stop,Study Request Denial,denied,2022,2022-04-13,2023-01-09T00:00:00.000,40.706707926767,-73.86286162702419,srts,77 AVENUE,87 STREET
CQ22-1151,77 AVENUE,86 STREET,All-Way Stop,Study Request Denial,denied,2022,2022-04-13,2022-12-27T00:00:00.000,40.706685,-73.86426799999998,srts,77 AVENUE,86 STREET
CQ22-1150,77 AVENUE,85 STREET,All-Way Stop,Study Request Denial,denied,2022,2022-04-13,2022-06-06T00:00:00.000,40.706685,-73.86426799999998,srts,77 AVENUE,85 STREET
CQ22-1149,77 AVENUE,81 STREET,All-Way Stop,Study Request Denial,denied,2022,2022-04-13,2023-01-17T00:00:00.000,40.7066131053992,-73.8686363313541,srts,77 AVENUE,81 STREET
CQ22-1141,JUNIPER BOULEVARD NORTH,76 STREET,All-Way Stop,Study Request Denial,denied,2022,2022-04-12,2023-07-17T00:00:00.000,40.72138,-73.88185,crash,JUNIPER BOULEVARD NORTH,76 STREET
CQ22-1132,VERMONT PLACE,CYPRESS AVENUE,Traffic Signal,Study Request Denial,denied,2022,2022-03-09,2023-11-20T00:00:00.000,40.691433,-73.89063,crash,VERMONT PLACE,CYPRESS AVENUE
CQ22-1103,QUEENS MIDTOWN EXPRESSWAY,73 PLACE,Traffic Signal,Study Request Denial,denied,2022,2022-04-05,2023-01-09T00:00:00.000,40.7271691486146,-73.88727206550593,street_line,QUEENS MIDTOWN EXPRESSWAY,73 PLACE
CQ22-1088,WYCKOFF AVENUE,MADISON STREET,Traffic Signal,Study Request Denial,denied,2022,2022-04-08,2022-07-25T00:00:00.000,40.698677,-73.90954,crash,WYCKOFF AVENUE,MADISON STREET
CQ22-1051B,MYRTLE AVENUE,64 STREET,Leading Pedestrian Interval,Engineering Study Completed     (Signals Engineering),denied,2022,2022-04-07,2022-12-08T00:00:00.000,40.700964,-73.89245299999999,crash,MYRTLE AVENUE,64 STREET
CQ22-1028,FLUSHING AVENUE,60 LANE,Traffic Signal,Signal Approval,approved,2022,2022-03-31,2023-08-15T00:00:00.000,40.720604,-73.9047875,crash,FLUSHING AVENUE,60 LANE
CQ22-0974,61 STREET,ST FELIX AVENUE,Traffic Signal,A/W Approval,approved,2022,2022-03-31,2022-12-19T00:00:00.000,40.697061,-73.894631,srts,61 STREET,ST FELIX AVENUE
CQ22-0961,57 AVENUE,74 STREET,Traffic Signal,Study Request Denial,denied,2022,2022-03-24,2022-10-11T00:00:00.000,40.72861,-73.88721,crash,57 AVENUE,74 STREET
CQ22-0901,78 AVENUE,74 STREET,All-Way Stop,A/W Approval,approved,2022,2022-03-18,2023-01-09T00:00:00.000,40.704215,-73.876161,srts,78 AVENUE,74 STREET
CQ22-0674,ONDERDONK AVENUE,STARR STREET,All-Way Stop,A/W Approval,approved,2022,2022-03-07,2022-05-17T00:00:00.000,40.71029,-73.91789,crash,ONDERDONK AVENUE,STARR STREET
CQ22-0657,69 STREET,60 DRIVE,Traffic Signal,Study Request Denial,denied,2022,2022-03-04,2022-10-04T00:00:00.000,40.72021,-73.89178,crash,69 STREET,60 DRIVE
CQ22-0656,69 STREET,59 ROAD,Traffic Signal,Study Request Denial,denied,2022,2022-03-04,2022-09-13T00:00:00.000,40.722622,-73.89368,crash,69 STREET,59 ROAD
CQ22-0504,COOPER AVENUE,65 PLACE,Traffic Signal,Study Request Denial,denied,2022,2022-02-18,2022-10-31T00:00:00.000,40.699539,-73.888615,srts,COOPER AVENUE,65 PLACE
CQ22-0486B,COOPER AVENUE,WOODHAVEN BOULEVARD,Leading Pedestrian Interval,Engineering Study Completed     (Signals Engineering),denied,2022,2022-02-17,2022-03-28T00:00:00.000,40.713057975976746,-73.86204125524468,street_line,COOPER AVENUE,WOODHAVEN BOULEVARD
CQ22-0485B,COOPER AVENUE,CYPRESS HILLS STREET,Leading Pedestrian Interval,Engineering Study Completed     (Signals Engineering),denied,2022,2022-02-17,2022-03-29T00:00:00.000,40.698882550838,-73.8882054375238,srts,COOPER AVENUE,CYPRESS HILLS STREET
CQ22-0484B,COOPER AVENUE,METROPOLITAN AVENUE,Leading Pedestrian Interval,Engineering Study Completed     (Signals Engineering),denied,2022,2022-02-17,2023-07-19T00:00:00.000,40.7122,-73.86208,crash,COOPER AVENUE,METROPOLITAN AVENUE
CQ22-0482,FLUSHING AVENUE,58 DRIVE,Traffic Signal,Study Request Denial,denied,2022,2022-02-16,2023-01-23T00:00:00.000,40.719711,-73.908257,srts,FLUSHING AVENUE,58 DRIVE
CQ22-0479B,COOPER AVENUE,83 STREET,Leading Pedestrian Interval,Engineering Study Completed     (Signals Engineering),denied,2022,2022-02-17,2022-03-29T00:00:00.000,40.7104,-73.866625,crash,COOPER AVENUE,83 STREET
CQ22-0476B,COOPER AVENUE,80 STREET,Leading Pedestrian Interval,Engineering Study Completed     (Signals Engineering),denied,2022,2022-02-17,2022-03-28T00:00:00.000,40.709415,-73.87022,crash,COOPER AVENUE,80 STREET
CQ22-0475B,73 PLACE,COOPER AVENUE,Leading Pedestrian Interval,Engineering Study Completed     (Signals Engineering),denied,2022,2022-02-17,2022-03-29T00:00:00.000,40.70547251451677,-73.87649615255108,street_line,73 PLACE,COOPER AVENUE
CQ22-0474B,COOPER AVENUE,66 STREET,Leading Pedestrian Interval,Engineering Study Completed     (Signals Engineering),denied,2022,2022-02-17,2022-03-29T00:00:00.000,40.699678,-73.887714,srts,COOPER AVENUE,66 STREET
CQ22-0473B,COOPER AVENUE,64 STREET,Leading Pedestrian Interval,Engineering Study Completed     (Signals Engineering),denied,2022,2022-02-17,2022-03-29T00:00:00.000,40.697933,-73.892006,crash,COOPER AVENUE,64 STREET
CQ22-0471B,COOPER AVENUE,72 STREET,Leading Pedestrian Interval,Engineering Study Completed     (Signals Engineering),denied,2022,2022-02-17,2022-04-06T00:00:00.000,40.70307,-73.87864,crash,COOPER AVENUE,72 STREET
CQ22-0469B,COOPER AVENUE,70 STREET,Leading Pedestrian Interval,Engineering Study Completed     (Signals Engineering),denied,2022,2022-02-17,2022-03-29T00:00:00.000,40.70171,-73.88091,crash,COOPER AVENUE,70 STREET
CQ22-0468B,COOPER AVENUE,67 STREET,Leading Pedestrian Interval,Engineering Study Completed     (Signals Engineering),denied,2022,2022-02-17,2022-03-29T00:00:00.000,40.699963,-73.88585,crash,COOPER AVENUE,67 STREET
CQ22-0455,60 AVENUE,60 LANE,Traffic Signal,Study Request Denial,denied,2022,2022-02-16,2023-01-23T00:00:00.000,40.716746,-73.903698,srts,60 AVENUE,60 LANE
CQ22-0452,62 AVENUE,69 PLACE,Traffic Signal,Study Request Denial,denied,2022,2022-02-16,2023-02-13T00:00:00.000,40.718254,-73.8881475,crash,62 AVENUE,69 PLACE
CQ22-0451,MYRTLE AVENUE,61 STREET,Traffic Signal,Study Request Denial,denied,2022,2022-02-16,2022-10-31T00:00:00.000,40.700826,-73.894236,srts,MYRTLE AVENUE,61 STREET
CQ22-0432B,COOPER AVENUE,CYPRESS AVENUE,Leading Pedestrian Interval,Engineering Study Completed     (Signals Engineering),denied,2022,2022-02-15,2022-03-29T00:00:00.000,40.694107,-73.89737,crash,COOPER AVENUE,CYPRESS AVENUE
CQ22-0405,68 AVENUE,80 STREET,Traffic Signal,Study Request Denial,denied,2022,2022-02-10,2022-05-25T00:00:00.000,40.711246,-73.87095,crash,68 AVENUE,80 STREET
CQ22-0262,70 AVENUE,65 PLACE,Traffic Signal,Study Request Denial,denied,2022,2022-02-02,2022-09-26T00:00:00.000,40.703968,-73.89041,crash,70 AVENUE,65 PLACE
CQ22-0247,MYRTLE AVENUE,81 STREET,Traffic Signal,Study Request Denial,denied,2022,2022-02-01,2022-08-22T00:00:00.000,40.7030515,-73.867253,crash,MYRTLE AVENUE,81 STREET
CQ22-0218,MYRTLE AVENUE,81 ROAD,Traffic Signal,Study Request Denial,denied,2022,2022-01-28,2022-08-22T00:00:00.000,40.70337374346303,-73.85939346916709,street_line,MYRTLE AVENUE,81 ROAD
CQ22-0217,79 STREET,78 AVENUE,All-Way Stop,Study Request Denial,denied,2022,2022-01-28,2022-10-24T00:00:00.000,40.704704,-73.87154,crash,79 STREET,78 AVENUE
CQ22-0194,COOPER AVENUE,61 STREET,Traffic Signal,A/W Approval,approved,2022,2022-01-26,2022-03-28T00:00:00.000,40.696912,-73.893564,srts,COOPER AVENUE,61 STREET
CQ22-0173B,FRESH POND ROAD,METROPOLITAN AVENUE,Left Turn Arrow/Signal,Engineering Study Completed     (Signals Engineering),denied,2022,2022-01-26,2023-08-15T00:00:00.000,40.712696,-73.900604,crash,FRESH POND ROAD,METROPOLITAN AVENUE
CQ22-0051B,PENELOPE AVENUE,80 STREET,Traffic Signal,Engineering Study Completed     (Signals Engineering),denied,2022,2022-01-10,2022-02-24T00:00:00.000,40.719395,-73.87471,crash,PENELOPE AVENUE,80 STREET
CQ22-0035B,METROPOLITAN AVENUE,65 PLACE,Leading Pedestrian Interval,Engineering Study Completed     (Signals Engineering),denied,2022,2022-01-10,2022-02-23T00:00:00.000,40.71248,-73.895035,crash,METROPOLITAN AVENUE,65 PLACE
CQ21-3127,63 STREET,59 DRIVE,All-Way Stop,Study Request Denial,denied,2021,2021-12-17,2023-07-31T00:00:00.000,40.719547,-73.90154,srts,63 STREET,59 DRIVE
CQ21-3126,63 STREET,59 AVENUE,All-Way Stop,Study Request Denial,denied,2021,2021-12-16,2022-09-26T00:00:00.000,40.719692,-73.90158,srts,63 STREET,59 AVENUE
CQ21-3036B,ELIOT AVENUE,71 STREET,Traffic Signal,Engineering Study Completed     (Signals Engineering),denied,2021,2021-12-06,2022-01-18T00:00:00.000,40.72128,-73.887245,crash,ELIOT AVENUE,71 STREET
CQ21-2955,CORNELIA STREET,FOREST AVENUE,Traffic Signal,Study Request Denial,denied,2021,2021-11-23,2022-08-01T00:00:00.000,40.70405,-73.90168,crash,CORNELIA STREET,FOREST AVENUE
CQ21-2876,RUST STREET,MASPETH AVENUE,Traffic Signal,Signal Approval,approved,2021,2021-11-15,2022-06-21T00:00:00.000,40.72205984333144,-73.91329813158207,street_line,RUST STREET,MASPETH AVENUE
CQ21-2868,OTTO ROAD,68 STREET,All-Way Stop,Study Request Denial,denied,2021,2021-11-15,2022-11-07T00:00:00.000,40.706018,-73.88739599999998,srts,OTTO ROAD,68 STREET
CQ21-2826,60 LANE,ST FELIX AVENUE,Traffic Signal,A/W Approval,approved,2021,2021-11-09,2022-03-28T00:00:00.000,40.697061,-73.894631,srts,60 LANE,ST FELIX AVENUE
CQ21-2822B,ELIOT AVENUE,FRESH POND ROAD,Left Turn Arrow/Signal,Engineering Study Completed     (Signals Engineering),denied,2021,2021-11-09,2022-01-06T00:00:00.000,40.714622,-73.90117,crash,ELIOT AVENUE,FRESH POND ROAD
CQ21-2816,60 AVENUE,69 LANE,Traffic Signal,A/W Approval,approved,2021,2021-11-03,2022-09-26T00:00:00.000,40.722507,-73.89043,crash,60 AVENUE,69 LANE
CQ21-2789B,METROPOLITAN AVENUE,AUBREY AVENUE,Traffic Signal,Engineering Study Completed     (Signals Engineering),denied,2021,2021-11-05,2022-04-12T00:00:00.000,40.711994,-73.86073,crash,METROPOLITAN AVENUE,AUBREY AVENUE
CQ21-2787B,METROPOLITAN AVENUE,AUBREY AVENUE,Traffic Signal,Engineering Study Completed     (Signals Engineering),denied,2021,2021-11-05,2022-03-31T00:00:00.000,40.711994,-73.86073,crash,METROPOLITAN AVENUE,AUBREY AVENUE
CQ21-2749,78 AVENUE,65 STREET,All-Way Stop,Study Request Denial,denied,2021,2021-10-27,2022-08-29T00:00:00.000,40.697551,-73.889899,srts,78 AVENUE,65 STREET
CQ21-2748,78 AVENUE,64 PLACE,All-Way Stop,Study Request Denial,denied,2021,2021-10-27,2022-08-22T00:00:00.000,40.697346,-73.89081,crash,78 AVENUE,64 PLACE
CQ21-2747,78 AVENUE,64 STREET,All-Way Stop,Study Request Denial,denied,2021,2021-10-27,2022-08-22T00:00:00.000,40.697144,-73.89169,crash,78 AVENUE,64 STREET
CQ21-2730,78 AVENUE,62 STREET,All-Way Stop,Study Request Denial,denied,2021,2021-11-23,2022-07-11T00:00:00.000,40.696936,-73.892598,srts,78 AVENUE,62 STREET
CQ21-2708,60 PLACE,MADISON STREET,All-Way Stop,A/W Approval,approved,2021,2021-10-26,2022-06-21T00:00:00.000,40.706356,-73.900276,crash,60 PLACE,MADISON STREET
CQ21-2683,SENECA AVENUE,WEIRFIELD STREET,Traffic Signal,Signal Approval,approved,2021,2021-10-26,2023-02-28T00:00:00.000,40.700005,-73.90296,crash,SENECA AVENUE,WEIRFIELD STREET
CQ21-2556,56 STREET,GRAND AVENUE,Traffic Signal,Study Request Denial,denied,2021,2021-10-20,2021-12-06T00:00:00.000,40.719051,-73.913399,srts,56 STREET,GRAND AVENUE
CQ21-2527,57 ROAD,61 STREET,Traffic Signal,Study Request Denial,denied,2021,2021-10-19,2021-11-08T00:00:00.000,40.722599,-73.90456299999998,srts,57 ROAD,61 STREET
CQ21-2390,ELIOT AVENUE,69 LANE,Traffic Signal,Study Request Denial,denied,2021,2021-10-05,2022-08-01T00:00:00.000,40.720535,-73.88885,crash,ELIOT AVENUE,69 LANE
CQ21-2383,57 ROAD,59 STREET,Traffic Signal,A/W Approval,approved,2021,2021-10-12,2021-11-08T00:00:00.000,40.722373,-73.910645,srts,57 ROAD,59 STREET
CQ21-2188B,FRESH POND ROAD,60 ROAD,Traffic Signal,Engineering Study Completed     (Signals Engineering),denied,2021,2021-10-01,2021-11-17T00:00:00.000,40.716143,-73.901585,srts,FRESH POND ROAD,60 ROAD
CQ21-2187B,LUTHERAN AVENUE,ELIOT AVENUE,Leading Pedestrian Interval,Engineering Study Completed     (Signals Engineering),denied,2021,2021-10-01,2021-12-17T00:00:00.000,40.722525000000005,-73.884555,crash,LUTHERAN AVENUE,ELIOT AVENUE
CQ21-1974B,METROPOLITAN AVENUE,FOREST AVENUE,Leading Pedestrian Interval,Engineering Study Completed     (Signals Engineering),denied,2021,2021-09-15,2024-01-19T00:00:00.000,40.712902,-73.90608,crash,METROPOLITAN AVENUE,FOREST AVENUE
CQ21-1921B,METROPOLITAN AVENUE,WOODWARD AVENUE,Leading Pedestrian Interval,Engineering Study Completed     (Signals Engineering),denied,2021,2021-09-14,2022-07-20T00:00:00.000,40.713816,-73.92084249999999,crash,METROPOLITAN AVENUE,WOODWARD AVENUE
CQ21-1868,69 STREET,52 AVENUE,All-Way Stop,Signal Approval,approved,2021,2021-08-27,2023-08-15T00:00:00.000,40.733605,-73.897893,srts,69 STREET,52 AVENUE
CQ21-1833B,ELIOT AVENUE,72 STREET,Leading Pedestrian Interval,Engineering Study Completed     (Signals Engineering),denied,2021,2021-08-30,2023-02-06T00:00:00.000,40.7216515,-73.88644199999999,crash,ELIOT AVENUE,72 STREET
CQ21-1754,66 STREET,53 AVENUE,All-Way Stop,Study Request Denial,denied,2021,2021-08-17,2022-04-18T00:00:00.000,40.731358,-73.89918,crash,66 STREET,53 AVENUE
CQ21-1549,COOPER AVENUE,60 STREET,Traffic Signal,Study Request Denial,denied,2021,2021-07-23,2022-03-28T00:00:00.000,40.69513,-73.895615,crash,COOPER AVENUE,60 STREET
CQ21-1545,FAIRVIEW AVENUE,PALMETTO STREET,All-Way Stop,A/W Approval,approved,2021,2021-07-23,2022-05-02T00:00:00.000,40.70592,-73.90452,crash,FAIRVIEW AVENUE,PALMETTO STREET
CQ21-1538,84 STREET,78 AVENUE,All-Way Stop,A/W Approval,approved,2021,2021-07-22,2022-04-18T00:00:00.000,40.70667,-73.865206,srts,84 STREET,78 AVENUE
CQ21-1518,69 STREET,59 DRIVE,All-Way Stop,Study Request Denial,denied,2021,2021-07-19,2022-05-04T00:00:00.000,40.72203,-73.89322,crash,69 STREET,59 DRIVE
CQ21-1506B,MYRTLE AVENUE,62 STREET,Traffic Signal,Engineering Study Completed     (Signals Engineering),denied,2021,2021-07-20,,40.70089,-73.89336,crash,MYRTLE AVENUE,62 STREET
CQ21-1495,ADMIRAL AVENUE,TERRACE COURT,All-Way Stop,Study Request Denial,denied,2021,2021-07-15,2022-05-04T00:00:00.000,,,,ADMIRAL AVENUE,TERRACE COURT
CQ21-1386,GRANDVIEW AVENUE,GROVE STREET,All-Way Stop,Study Request Denial,denied,2021,2021-07-02,2024-04-25T00:00:00.000,40.708427,-73.905525,crash,GRANDVIEW AVENUE,GROVE STREET
CQ21-1339,69 AVENUE,73 PLACE,All-Way Stop,Study Request Denial,denied,2021,2021-09-24,2022-03-28T00:00:00.000,40.709814,-73.87853099999998,srts,69 AVENUE,73 PLACE
CQ21-1280B,CYPRESS AVENUE,COOPER AVENUE,Traffic Signal,Engineering Study Completed     (Signals Engineering),denied,2021,2021-06-22,2021-07-30T00:00:00.000,40.694107,-73.89737,crash,CYPRESS AVENUE,COOPER AVENUE
CQ21-1219,74 STREET,LONG ISLAND EXPRESSWAY,Traffic Signal,Study Request Denial,denied,2021,2021-06-14,2022-03-28T00:00:00.000,40.73325234109461,-73.89087437329368,street_line,74 STREET,LONG ISLAND EXPRESSWAY
CQ21-1190,60 STREET,56 DRIVE,All-Way Stop,Study Request Denial,denied,2021,2021-06-11,2022-02-28T00:00:00.000,40.7238375,-73.90633700000001,crash,60 STREET,56 DRIVE
CQ21-1181,74 STREET,58 AVENUE,All-Way Stop,Study Request Denial,denied,2021,2021-06-10,2022-02-14T00:00:00.000,40.726143,-73.88714,crash,74 STREET,58 AVENUE
CQ21-1143,COOPER AVENUE,60 LANE,Traffic Signal,A/W Approval,approved,2021,2021-06-04,2022-03-28T00:00:00.000,40.6965692144966,-73.8945563503407,srts,COOPER AVENUE,60 LANE
CQ21-1110B,MAURICE AVENUE,BORDEN AVENUE,Left Turn Arrow/Signal,Engineering Study Completed     (Signals Engineering),denied,2021,2021-06-01,2022-07-12T00:00:00.000,40.727733,-73.906731,srts,MAURICE AVENUE,BORDEN AVENUE
CQ21-1061,69 ROAD,76 STREET,All-Way Stop,Study Request Denial,denied,2021,2021-05-24,2022-03-07T00:00:00.000,40.708439,-73.876204,srts,69 ROAD,76 STREET
CQ21-1060,54 AVENUE,61 STREET,All-Way Stop,Study Request Denial,denied,2021,2021-05-24,2022-08-29T00:00:00.000,40.72784,-73.904076,crash,54 AVENUE,61 STREET
CQ21-1009,CYPRESS AVENUE,CLOVER PLACE,All-Way Stop,Study Request Denial,denied,2021,2021-05-18,2022-02-07T00:00:00.000,40.69319,-73.89575,crash,CYPRESS AVENUE,CLOVER PLACE
CQ21-0912B,FOREST AVENUE,67 AVENUE,Traffic Signal,Engineering Study Completed     (Signals Engineering),denied,2021,2021-05-05,2021-05-20T00:00:00.000,40.704384,-73.90182250000001,crash,FOREST AVENUE,67 AVENUE
CQ21-0868B,METROPOLITAN AVENUE,WOODHAVEN BOULEVARD,Left Turn Arrow/Signal,Engineering Study Completed     (Signals Engineering),denied,2021,2021-04-29,2022-02-10T00:00:00.000,40.711845,-73.859764,crash,METROPOLITAN AVENUE,WOODHAVEN BOULEVARD
CQ21-0791,69 STREET,55 AVENUE,All-Way Stop,Study Request Denial,denied,2021,2021-04-23,2021-10-18T00:00:00.000,40.727787,-73.89551,crash,69 STREET,55 AVENUE
CQ21-0749,69 LANE,LONG ISLAND EXPRESSWAY,Traffic Signal,Signal Approval,approved,2021,2021-04-20,2022-07-12T00:00:00.000,40.73248713329137,-73.89772588651475,street_line,69 LANE,LONG ISLAND EXPRESSWAY
CQ21-0749,69 LANE,LONG ISLAND EXPRESSWAY,Traffic Signal,Signal Approval,approved,2021,2021-04-20,2022-07-12T00:00:00.000,40.73248713329137,-73.89772588651475,street_line,69 LANE,LONG ISLAND EXPRESSWAY
CQ21-0749,69 LANE,LONG ISLAND EXPRESSWAY,Traffic Signal,Signal Approval,approved,2021,2021-04-20,2022-07-12T00:00:00.000,40.73248713329137,-73.89772588651475,street_line,69 LANE,LONG ISLAND EXPRESSWAY
CQ21-0748B,FRESH POND ROAD,MENAHAN STREET,Traffic Signal,Engineering Study Completed     (Signals Engineering),denied,2021,2021-04-21,2021-10-04T00:00:00.000,40.710851,-73.901268,srts,FRESH POND ROAD,MENAHAN STREET
CQ21-0722,74 STREET,MYRTLE AVENUE,Traffic Signal,Study Request Denial,denied,2021,2021-04-16,2022-01-24T00:00:00.000,40.7024,-73.8749,manual,74 STREET,MYRTLE AVENUE
CQ21-0614,60 AVENUE,71 STREET,All-Way Stop,Study Request Denial,denied,2021,2021-04-06,2021-09-27T00:00:00.000,40.72325,-73.888824,crash,60 AVENUE,71 STREET
CQ21-0579,BROWN PLACE,58 AVENUE,All-Way Stop,Study Request Denial,denied,2021,2021-03-29,2021-10-04T00:00:00.000,40.724068,-73.895776,srts,BROWN PLACE,58 AVENUE
CQ21-0577,CENTRE STREET,WYCKOFF AVENUE,Traffic Signal,Study Request Denial,denied,2021,2021-03-30,2021-10-12T00:00:00.000,,,,CENTRE STREET,WYCKOFF AVENUE
CQ21-0557,60 STREET,67 AVENUE,All-Way Stop,Study Request Denial,denied,2021,2021-03-26,2021-10-25T00:00:00.000,40.7046605130931,-73.9004080569593,srts,60 STREET,67 AVENUE
CQ21-0425B,FLUSHING AVENUE,ONDERDONK AVENUE,Left Turn Arrow/Signal,Engineering Study Completed     (Signals Engineering),denied,2021,2021-03-04,2021-09-13T00:00:00.000,40.711452,-73.91987,crash,FLUSHING AVENUE,ONDERDONK AVENUE
CQ21-0391B,METROPOLITAN AVENUE,FLUSHING AVENUE,Left Turn Arrow/Signal,Engineering Study Completed     (Signals Engineering),denied,2021,2021-02-25,2021-10-18T00:00:00.000,40.713295,-73.916238,srts,METROPOLITAN AVENUE,FLUSHING AVENUE
CQ21-0387B,MYRTLE AVENUE,FOREST AVENUE,Traffic Signal Removal,Engineering Study Completed     (Signals Engineering),denied,2021,2021-02-25,2022-05-25T00:00:00.000,40.700497,-73.90021,crash,MYRTLE AVENUE,FOREST AVENUE
CQ21-0261,82 PLACE,PENELOPE AVENUE,All-Way Stop,Study Request Denial,denied,2021,2021-02-09,2021-10-04T00:00:00.000,40.72238,-73.873753,srts,82 PLACE,PENELOPE AVENUE
CQ21-0256,59 STREET,59 AVENUE,All-Way Stop,Study Request Denial,denied,2021,2021-02-08,2021-08-16T00:00:00.000,40.719028,-73.908215,srts,59 STREET,59 AVENUE
CQ21-0215,METROPOLITAN AVENUE,64 STREET,Traffic Signal,Study Request Denial,denied,2021,2021-02-01,2021-08-16T00:00:00.000,40.712555,-73.89711,crash,METROPOLITAN AVENUE,64 STREET
CQ21-0194,PALMETTO STREET,60 PLACE,All-Way Stop,A/W Approval,approved,2021,2021-01-29,2021-08-23T00:00:00.000,40.70767,-73.901054,crash,PALMETTO STREET,60 PLACE
CQ20-2509B,GRAND AVENUE,74 STREET,Traffic Signal,Engineering Study Completed     (Signals Engineering),denied,2020,2020-12-08,2021-01-19T00:00:00.000,40.7301969282631,-73.8875611761351,srts,GRAND AVENUE,74 STREET
CQ20-2507B,WOODHAVEN BOULEVARD,UNION TURNPIKE,Leading Pedestrian Interval,Engineering Study Completed     (Signals Engineering),denied,2020,2020-12-08,2021-12-09T00:00:00.000,40.70559,-73.85823,crash,WOODHAVEN BOULEVARD,UNION TURNPIKE
CQ20-2463,53 DRIVE,67 STREET,All-Way Stop,Study Request Denial,denied,2020,2020-12-04,2021-07-06T00:00:00.000,40.729603,-73.89784,crash,53 DRIVE,67 STREET
CQ20-2399,60 ROAD,69 STREET,Traffic Signal,Study Request Denial,denied,2020,2020-11-16,2021-07-06T00:00:00.000,40.72082,-73.892265,crash,60 ROAD,69 STREET
CQ20-2348B,GRAND AVENUE,69 PLACE,Traffic Signal,Engineering Study Completed     (Signals Engineering),denied,2020,2020-11-16,2021-02-18T00:00:00.000,40.72648,-73.89442,crash,GRAND AVENUE,69 PLACE
CQ20-2345,METROPOLITAN AVENUE,ADMIRAL AVENUE,Traffic Signal,Study Request Denial,denied,2020,2020-11-13,2021-07-06T00:00:00.000,40.71258,-73.897684,srts,METROPOLITAN AVENUE,ADMIRAL AVENUE
CQ20-2303,65 DRIVE,70 STREET,Traffic Signal,A/W Approval,approved,2020,2020-11-09,2022-01-18T00:00:00.000,40.715369,-73.88653999999998,srts,65 DRIVE,70 STREET
CQ20-2281,METROPOLITAN AVENUE,FLUSHING AVENUE,Traffic Signal,Study Request Denial,denied,2020,2020-11-05,2021-06-21T00:00:00.000,40.713295,-73.916238,srts,METROPOLITAN AVENUE,FLUSHING AVENUE
CQ20-2280B,69 STREET,62 AVENUE,Traffic Signal,Engineering Study Completed     (Signals Engineering),denied,2020,2020-11-05,2020-11-18T00:00:00.000,40.717617,-73.88954,crash,69 STREET,62 AVENUE
CQ20-2242,76 STREET,60 ROAD,All-Way Stop,Study Request Denial,denied,2020,2020-10-28,2021-06-14T00:00:00.000,40.71487910247034,-73.9170547061539,street_line,76 STREET,60 ROAD
CQ20-2241,CALDWELL AVENUE,76 STREET,All-Way Stop,Study Request Denial,denied,2020,2020-10-28,2021-06-14T00:00:00.000,40.7247871573391,-73.88493300424899,srts,CALDWELL AVENUE,76 STREET
CQ20-2167,58 AVENUE,79 STREET,All-Way Stop,Study Request Denial,denied,2020,2020-10-22,2021-07-06T00:00:00.000,40.72779360283702,-73.88155395951152,street_line,58 AVENUE,79 STREET
CQ20-2164,CATALPA AVENUE,65 STREET,All-Way Stop,Study Request Denial,denied,2020,2020-10-22,2021-06-21T00:00:00.000,40.704845,-73.892136,crash,CATALPA AVENUE,65 STREET
CQ20-2144,GATES AVENUE,60 PLACE,All-Way Stop,Study Request Denial,denied,2020,2020-10-20,2021-06-01T00:00:00.000,40.70832,-73.90144,crash,GATES AVENUE,60 PLACE
CQ20-2017,64 STREET,75 AVENUE,Traffic Signal,Study Request Denial,denied,2020,2020-09-29,2021-06-01T00:00:00.000,40.698814,-73.89215,crash,64 STREET,75 AVENUE
CQ20-2012B,METROPOLITAN AVENUE,80 STREET,Left Turn Arrow/Signal,Engineering Study Completed     (Signals Engineering),denied,2020,2020-09-29,2021-02-17T00:00:00.000,40.713287,-73.87163,crash,METROPOLITAN AVENUE,80 STREET
CQ20-1961B,WOODHAVEN BOULEVARD,ELIOT AVENUE,Traffic Signal,Engineering Study Completed     (Signals Engineering),denied,2020,2020-09-22,2020-10-27T00:00:00.000,,,,WOODHAVEN BOULEVARD,ELIOT AVENUE
CQ20-1838,68 AVENUE,64 STREET,All-Way Stop,Study Request Denial,denied,2020,2020-09-03,2021-06-01T00:00:00.000,40.705734,-73.89449,crash,68 AVENUE,64 STREET
CQ20-1796B,CENTRAL AVENUE,69 PLACE,Leading Pedestrian Interval,Engineering Study Completed     (Signals Engineering),denied,2020,2020-09-03,2020-11-10T00:00:00.000,40.7042,-73.88288,crash,CENTRAL AVENUE,69 PLACE
CQ20-1785,66 STREET,52 AVENUE,All-Way Stop,Study Request Denial,denied,2020,2020-08-28,2021-05-24T00:00:00.000,40.73392493844332,-73.901059551749,street_line,66 STREET,52 AVENUE
CQ20-1781,58 AVENUE,81 STREET,All-Way Stop,Study Request Denial,denied,2020,2020-08-25,2021-06-01T00:00:00.000,40.727367,-73.87995,crash,58 AVENUE,81 STREET
CQ20-1732,78 AVENUE,60 STREET,All-Way Stop,Study Request Denial,denied,2020,2020-08-18,2021-06-07T00:00:00.000,40.69609,-73.89632,crash,78 AVENUE,60 STREET
CQ20-1587,53 AVENUE,62 STREET,All-Way Stop,Study Request Denial,denied,2020,2020-07-31,2021-05-04T00:00:00.000,40.73172,-73.901767,crash,53 AVENUE,62 STREET
CQ20-1575,GROVE STREET,60 PLACE,All-Way Stop,Study Request Denial,denied,2020,2020-07-30,2021-05-04T00:00:00.000,40.709633,-73.90223,crash,GROVE STREET,60 PLACE
CQ20-1559B,GRAND AVENUE,BORDEN AVENUE,Traffic Signal,Engineering Study Completed     (Signals Engineering),denied,2020,2020-07-28,2020-11-18T00:00:00.000,40.725635,-73.895856,srts,GRAND AVENUE,BORDEN AVENUE
CQ20-1458B,77 AVENUE,88 STREET,Traffic Signal,Engineering Study Completed     (Signals Engineering),denied,2020,2020-07-20,2020-11-13T00:00:00.000,40.7064593049998,-73.8615312271111,srts,77 AVENUE,88 STREET
CQ20-1439B,METROPOLITAN AVENUE,J ROBINSON PY WB EN METROPOLITAN,Traffic Signal,Engineering Study Completed     (Signals Engineering),denied,2020,2020-07-20,2020-10-27T00:00:00.000,,,,METROPOLITAN AVENUE,J ROBINSON PY WB EN METROPOLITAN
CQ20-1355B,FRESH POND ROAD,PUTNAM AVENUE,Traffic Signal,Engineering Study Completed     (Signals Engineering),denied,2020,2020-07-14,2021-03-01T00:00:00.000,40.706497,-73.89695,crash,FRESH POND ROAD,PUTNAM AVENUE
CQ20-1334B,MYRTLE AVENUE,NORMAN STREET,Traffic Signal,Engineering Study Completed     (Signals Engineering),denied,2020,2020-07-14,2020-09-10T00:00:00.000,40.700516,-73.89799,crash,MYRTLE AVENUE,NORMAN STREET
CQ20-1328,GATES AVENUE,GRANDVIEW AVENUE,All-Way Stop,A/W Approval,approved,2020,2020-07-13,2020-09-22T00:00:00.000,40.70755,-73.90404,crash,GATES AVENUE,GRANDVIEW AVENUE
CQ20-1293,WOODWARD AVENUE,BLEECKER STREET,All-Way Stop,Study Request Denial,denied,2020,2020-07-06,2021-04-26T00:00:00.000,40.70703,-73.909325,crash,WOODWARD AVENUE,BLEECKER STREET
CQ20-1166,62 STREET,61 STREET,All-Way Stop,Study Request Denial,denied,2020,2020-06-02,2021-04-26T00:00:00.000,40.68642009951012,-73.88930182608618,street_line,62 STREET,61 STREET
CQ20-1155,METROPOLITAN AVENUE,65 LANE,Traffic Signal,Study Request Denial,denied,2020,2020-05-28,2021-04-19T00:00:00.000,40.71244,-73.894025,crash,METROPOLITAN AVENUE,65 LANE
CQ20-1132,58 ROAD,64 STREET,All-Way Stop,Study Request Denial,denied,2020,2020-05-14,2021-04-12T00:00:00.000,40.720743,-73.900914,srts,58 ROAD,64 STREET
CQ20-1090,68 AVENUE,62 STREET,All-Way Stop,Study Request Denial,denied,2020,2020-04-21,2021-04-12T00:00:00.000,40.705513,-73.89538,crash,68 AVENUE,62 STREET
CQ20-1068,MYRTLE AVENUE,SUMMERFIELD STREET,All-Way Stop,Study Request Denial,denied,2020,2020-03-20,2021-01-19T00:00:00.000,40.70052,-73.897962,srts,MYRTLE AVENUE,SUMMERFIELD STREET
CQ20-1017,51 ROAD,69 STREET,Traffic Signal,Study Request Denial,denied,2020,2020-03-05,2022-01-31T00:00:00.000,40.734257,-73.89603,crash,51 ROAD,69 STREET
CQ20-0925B,SENECA AVENUE,CENTRE STREET,Traffic Signal,Engineering Study Completed     (Signals Engineering),denied,2020,2020-03-11,2020-12-10T00:00:00.000,40.699585,-73.902245,crash,SENECA AVENUE,CENTRE STREET
CQ20-0924B,MYRTLE AVENUE,SENECA AVENUE,Traffic Signal,Engineering Study Completed     (Signals Engineering),denied,2020,2020-03-11,2020-12-10T00:00:00.000,40.70041,-73.90368,crash,MYRTLE AVENUE,SENECA AVENUE
CQ20-0921B,FRESH POND ROAD,BLEECKER STREET,Traffic Signal,Engineering Study Completed     (Signals Engineering),denied,2020,2020-03-11,2020-11-17T00:00:00.000,40.711903,-73.90019,crash,FRESH POND ROAD,BLEECKER STREET
CQ20-0888B,WOODHAVEN BOULEVARD,ELIOT AVENUE,Traffic Signal,Engineering Study Completed     (Signals Engineering),denied,2020,2020-03-09,2020-11-20T00:00:00.000,,,,WOODHAVEN BOULEVARD,ELIOT AVENUE
CQ20-0871B,69 STREET,LONG ISLAND EXPRESSWAY,Leading Pedestrian Interval,Engineering Study Completed     (Signals Engineering),denied,2020,2020-03-09,2020-11-10T00:00:00.000,40.73288011770822,-73.89420718490693,street_line,69 STREET,LONG ISLAND EXPRESSWAY
CQ20-0756B,JUNIPER BOULEVARD SOUTH,71 STREET,Traffic Signal,Engineering Study Completed     (Signals Engineering),denied,2020,2020-02-28,2020-11-17T00:00:00.000,40.71752,-73.88423,crash,JUNIPER BOULEVARD SOUTH,71 STREET
CQ20-0745,CATALPA AVENUE,62 STREET,All-Way Stop,A/W Approval,approved,2020,2020-02-24,2022-01-31T00:00:00.000,40.704178,-73.89481,crash,CATALPA AVENUE,62 STREET
CQ20-0698B,METROPOLITAN AVENUE,60 STREET,Traffic Signal,Engineering Study Completed     (Signals Engineering),denied,2020,2020-02-26,2020-12-14T00:00:00.000,40.7129023175027,-73.906077007385,srts,METROPOLITAN AVENUE,60 STREET
CQ20-0607B,METROPOLITAN AVENUE,69 STREET,Leading Pedestrian Interval,Engineering Study Completed     (Signals Engineering),denied,2020,2020-02-14,2020-12-14T00:00:00.000,40.712204,-73.88638,crash,METROPOLITAN AVENUE,69 STREET
CQ20-0606B,FRESH POND ROAD,MYRTLE AVENUE,Leading Pedestrian Interval,Engineering Study Completed     (Signals Engineering),denied,2020,2020-02-14,2020-12-14T00:00:00.000,40.700798,-73.894585,crash,FRESH POND ROAD,MYRTLE AVENUE
CQ20-0552B,CYPRESS AVENUE,COOPER AVENUE,Leading Pedestrian Interval,Engineering Study Completed     (Signals Engineering),denied,2020,2020-02-11,2022-03-31T00:00:00.000,40.694107,-73.89737,crash,CYPRESS AVENUE,COOPER AVENUE
CQ20-0551B,ELIOT AVENUE,FRESH POND ROAD,Leading Pedestrian Interval,Engineering Study Completed     (Signals Engineering),denied,2020,2020-02-11,2020-09-30T00:00:00.000,40.714622,-73.90117,crash,ELIOT AVENUE,FRESH POND ROAD
CQ20-0463,52 DRIVE,70 STREET,Traffic Signal,Study Request Denial,denied,2020,2020-01-14,2021-04-05T00:00:00.000,40.732248,-73.893955,srts,52 DRIVE,70 STREET
CQ20-0360B,GRAND AVENUE,74 STREET,Left Turn Arrow/Signal,Engineering Study Completed     (Signals Engineering),denied,2020,2020-01-29,2021-08-17T00:00:00.000,40.7301969282631,-73.8875611761351,srts,GRAND AVENUE,74 STREET
CQ20-0347,60 ROAD,60 STREET,All-Way Stop,Study Request Denial,denied,2020,2020-01-24,2022-02-22T00:00:00.000,40.71574,-73.90603,crash,60 ROAD,60 STREET
CQ20-0334B,58 AVENUE,69 STREET,Traffic Signal,Engineering Study Completed     (Signals Engineering),denied,2020,2020-01-27,2020-10-05T00:00:00.000,40.72462,-73.89455,crash,58 AVENUE,69 STREET
CQ20-0285,PENELOPE AVENUE,69 PLACE,All-Way Stop,Study Request Denial,denied,2020,2020-01-22,2021-12-20T00:00:00.000,40.716017,-73.886351,srts,PENELOPE AVENUE,69 PLACE
CQ20-0278,LONG ISLAND EXPRESSWAY,58 ROAD,Traffic Signal,Study Request Denial,denied,2020,2020-01-16,2021-03-22T00:00:00.000,,,,LONG ISLAND EXPRESSWAY,58 ROAD
CQ20-0251,79 STREET,68 ROAD,All-Way Stop,Study Request Denial,denied,2020,2020-01-17,2022-01-18T00:00:00.000,40.710453,-73.87339,crash,79 STREET,68 ROAD
CQ20-0199B,69 STREET,LONG ISLAND EXPRESSWAY,Traffic Signal,Engineering Study Completed     (Signals Engineering),denied,2020,2020-01-16,2020-10-05T00:00:00.000,40.73288011770822,-73.89420718490693,street_line,69 STREET,LONG ISLAND EXPRESSWAY
CQ20-0191B,59 DRIVE,60 STREET,Traffic Signal,Engineering Study Completed     (Signals Engineering),denied,2020,2020-01-16,2020-01-28T00:00:00.000,40.71736,-73.9064,crash,59 DRIVE,60 STREET
CQ20-0109B,JUNIPER BOULEVARD NORTH,80 STREET,Left Turn Arrow/Signal,Engineering Study Completed     (Signals Engineering),denied,2020,2020-01-13,2021-03-17T00:00:00.000,40.721592,-73.87647,crash,JUNIPER BOULEVARD NORTH,80 STREET
CQ20-0088,60 STREET,59 ROAD,All-Way Stop,Study Request Denial,denied,2020,2020-01-07,2021-03-29T00:00:00.000,40.718044,-73.90655,crash,60 STREET,59 ROAD
CQ20-0087,60 STREET,59 AVENUE,All-Way Stop,Study Request Denial,denied,2020,2020-01-07,2021-03-22T00:00:00.000,40.718796,-73.90671,crash,60 STREET,59 AVENUE
CQ20-0086,FLUSHING AVENUE,60 STREET,Traffic Signal,Study Request Denial,denied,2020,2020-01-07,2021-04-12T00:00:00.000,40.719334,-73.906845,crash,FLUSHING AVENUE,60 STREET
CQ20-0076,MYRTLE AVENUE,72 STREET,Traffic Signal,Study Request Denial,denied,2020,2020-01-08,2021-04-12T00:00:00.000,40.702145,-73.87826,crash,MYRTLE AVENUE,72 STREET
CQ18-2390B,METROPOLITAN AVENUE,73 PLACE,Left Turn Arrow/Signal,Engineering Study Completed     (Signals Engineering),denied,2020,2020-02-11,2020-09-09T00:00:00.000,40.712727,-73.87935,crash,METROPOLITAN AVENUE,73 PLACE
